Country Name,Country Code,Indicator Name,Indicator Code,1960,1961,1962,1963,1964,1965,1966,1967,1968,1969,1970,1971,1972,1973,1974,1975,1976,1977,1978,1979,1980,1981,1982,1983,1984,1985,1986,1987,1988,1989,1990,1991,1992,1993,1994,1995,1996,1997,1998,1999,2000,2001,2002,2003,2004,2005,2006,2007,2008,2009,2010,2011,2012,2013,2014,2015,2016,2017,2018,2019,2020
Aruba,ABW,"Suicide mortality rate, female (per 100,000 female population)",SH.STA.SUIC.FE.P5,,,,,,,,,,,,,,,,,,,,,,,,,,,,,,,,,,,,,,,,,,,,,,,,,,,,,,,,,,,,,
Africa Eastern and Southern,AFE,"Suicide mortality rate, female (per 100,000 female population)",SH.STA.SUIC.FE.P5,,,,,,,,,,,,,,,,,,,,,,,,,,,,,,,,,,,,,,,,,5.79299429465435,5.60519811943156,5.54585379874166,5.50611379941041,5.38252133458975,5.28330535099834,5.2300152704369,5.22938643308026,5.40944752703232,5.33226383517276,5.0610091265793,4.75406759797534,4.44242778249941,4.24148219278503,4.12850019628595,4.03276286846349,3.95209659814253,3.80220910310612,3.73948654221578,3.74782901004217,
Afghanistan,AFG,"Suicide mortality rate, female (per 100,000 female population)",SH.STA.SUIC.FE.P5,,,,,,,,,,,,,,,,,,,,,,,,,,,,,,,,,,,,,,,,,4.8,4.8,4.6,4.6,4.6,4.5,4.4,4.3,4.2,4,3.9,3.8,3.7,3.7,3.6,3.6,3.6,3.4,3.5,3.6,
Africa Western and Central,AFW,"Suicide mortality rate, female (per 100,000 female population)",SH.STA.SUIC.FE.P5,,,,,,,,,,,,,,,,,,,,,,,,,,,,,,,,,,,,,,,,,3.72682533574876,3.67850643361954,3.62297048405334,3.56137127312741,3.55806451425951,3.51225686010809,3.55979698679011,3.47848052142049,3.38029562504109,3.35598718572354,3.31420705070672,3.19784033297613,3.12916983907982,3.11260842171538,3.00456072340477,2.88224774549461,2.82104493821306,2.76976515398234,2.72917411372696,2.67897182083607,
Angola,AGO,"Suicide mortality rate, female (per 100,000 female population)",SH.STA.SUIC.FE.P5,,,,,,,,,,,,,,,,,,,,,,,,,,,,,,,,,,,,,,,,,3.3,3.2,3.4,3.6,3.6,3.4,3.6,3,3.2,2.7,2.9,2.7,2.7,2.6,2.4,2.6,2.6,2.4,2.3,2.3,
Albania,ALB,"Suicide mortality rate, female (per 100,000 female population)",SH.STA.SUIC.FE.P5,,,,,,,,,,,,,,,,,,,,,,,,,,,,,,,,,,,,,,,,,2.8,2.9,3,3.3,3.1,5.2,5.8,5.8,6,6,6.1,8.3,3.4,3.5,3.2,3.2,3.1,2.9,2.8,2.7,
Andorra,AND,"Suicide mortality rate, female (per 100,000 female population)",SH.STA.SUIC.FE.P5,,,,,,,,,,,,,,,,,,,,,,,,,,,,,,,,,,,,,,,,,,,,,,,,,,,,,,,,,,,,,
Arab World,ARB,"Suicide mortality rate, female (per 100,000 female population)",SH.STA.SUIC.FE.P5,,,,,,,,,,,,,,,,,,,,,,,,,,,,,,,,,,,,,,,,,3.2403280898538,3.18908533664451,3.13745962404021,3.06619956664041,3.01819743479247,2.98840838759691,2.92748945679187,2.88290119686091,2.84979930496395,2.83274525519685,2.83783236701476,2.81694626870713,2.81751729352957,2.74330062443095,2.67722219384248,2.65874693927242,2.59134727741872,2.54755709602804,2.53256582345069,2.49238968263773,
United Arab Emirates,ARE,"Suicide mortality rate, female (per 100,000 female population)",SH.STA.SUIC.FE.P5,,,,,,,,,,,,,,,,,,,,,,,,,,,,,,,,,,,,,,,,,3.9,3.9,3.7,3.5,3.5,3.4,3.5,3.3,3.2,3.2,3.3,3.2,3.2,3.2,3.1,3,2.9,2.8,2.9,3,
Argentina,ARG,"Suicide mortality rate, female (per 100,000 female population)",SH.STA.SUIC.FE.P5,,,,,,,,,,,,,,,,,,,,,,,,,,,,,,,,,,,,,,,,,3.4,4,4.2,3.8,3.6,3.6,3.3,3.3,3.3,3.2,3.2,3.3,3.5,3.2,3.7,3.3,3.1,3.5,3.6,3.3,
Armenia,ARM,"Suicide mortality rate, female (per 100,000 female population)",SH.STA.SUIC.FE.P5,,,,,,,,,,,,,,,,,,,,,,,,,,,,,,,,,,,,,,,,,2,1.3,1.3,1.1,2.1,2.1,3.2,3.1,2.7,1.9,3.5,4.4,4.4,5.2,4.6,3.7,2.6,0.7,0.9,1.3,
American Samoa,ASM,"Suicide mortality rate, female (per 100,000 female population)",SH.STA.SUIC.FE.P5,,,,,,,,,,,,,,,,,,,,,,,,,,,,,,,,,,,,,,,,,,,,,,,,,,,,,,,,,,,,,
Antigua and Barbuda,ATG,"Suicide mortality rate, female (per 100,000 female population)",SH.STA.SUIC.FE.P5,,,,,,,,,,,,,,,,,,,,,,,,,,,,,,,,,,,,,,,,,0,0,0,0,0,0,0,0,0,0,0,0.2,0,0,0.9,0.8,1,0,0.7,0.8,
Australia,AUS,"Suicide mortality rate, female (per 100,000 female population)",SH.STA.SUIC.FE.P5,,,,,,,,,,,,,,,,,,,,,,,,,,,,,,,,,,,,,,,,,5.6,5.5,5.3,4.8,4.6,5.1,5.2,5.5,5.3,5.6,5.7,5.7,6.4,6.1,6.5,6.8,6.4,6.9,6.2,6.4,
Austria,AUT,"Suicide mortality rate, female (per 100,000 female population)",SH.STA.SUIC.FE.P5,,,,,,,,,,,,,,,,,,,,,,,,,,,,,,,,,,,,,,,,,10.6,10,8.9,9.4,8.4,8.6,7.5,7.9,7.5,7.6,7.6,8,7.3,7.9,8.1,7.6,7.7,6.6,6.9,6.7,
Azerbaijan,AZE,"Suicide mortality rate, female (per 100,000 female population)",SH.STA.SUIC.FE.P5,,,,,,,,,,,,,,,,,,,,,,,,,,,,,,,,,,,,,,,,,1.2,1.4,1.5,1.6,1.8,1.9,2,2.1,2,1.9,1.9,1.9,1.8,1.7,1.6,1.6,1.6,1.6,1.6,1.6,
Burundi,BDI,"Suicide mortality rate, female (per 100,000 female population)",SH.STA.SUIC.FE.P5,,,,,,,,,,,,,,,,,,,,,,,,,,,,,,,,,,,,,,,,,6.9,6.7,6.5,6.2,6,5.8,5.7,5.3,4.9,4.8,4.7,4.5,4.2,4.1,4,3.8,3.6,3.5,3.4,3.4,
Belgium,BEL,"Suicide mortality rate, female (per 100,000 female population)",SH.STA.SUIC.FE.P5,,,,,,,,,,,,,,,,,,,,,,,,,,,,,,,,,,,,,,,,,12.9,12.1,12,11.6,11.2,11.4,11.8,11,11.4,11.8,12.2,12.8,11.8,11.9,12.1,11.7,11.7,11.9,11.9,11.8,
Benin,BEN,"Suicide mortality rate, female (per 100,000 female population)",SH.STA.SUIC.FE.P5,,,,,,,,,,,,,,,,,,,,,,,,,,,,,,,,,,,,,,,,,4.7,4.7,4.7,4.6,4.6,4.5,4.5,4.3,4.1,4.2,4.2,4.2,4.1,4.1,4.1,4,4,3.9,3.9,3.8,
Burkina Faso,BFA,"Suicide mortality rate, female (per 100,000 female population)",SH.STA.SUIC.FE.P5,,,,,,,,,,,,,,,,,,,,,,,,,,,,,,,,,,,,,,,,,5.3,5.1,4.9,4.8,4.8,4.7,4.7,4.6,4.5,4.4,4.3,4.1,4.2,4.2,4.1,4,3.9,3.8,3.7,3.7,
Bangladesh,BGD,"Suicide mortality rate, female (per 100,000 female population)",SH.STA.SUIC.FE.P5,,,,,,,,,,,,,,,,,,,,,,,,,,,,,,,,,,,,,,,,,3.3,3.2,3.1,3,2.8,2.8,2.9,2.8,2.6,2.6,2.4,2.2,2.2,2,1.8,1.8,1.7,1.6,1.6,1.7,
Bulgaria,BGR,"Suicide mortality rate, female (per 100,000 female population)",SH.STA.SUIC.FE.P5,,,,,,,,,,,,,,,,,,,,,,,,,,,,,,,,,,,,,,,,,10.1,9,8.5,7.6,7.2,6.7,5.9,6.4,6.7,5.6,5.9,4.5,5.6,4.3,4.9,4.5,4.5,4.8,4.3,4.4,
Bahrain,BHR,"Suicide mortality rate, female (per 100,000 female population)",SH.STA.SUIC.FE.P5,,,,,,,,,,,,,,,,,,,,,,,,,,,,,,,,,,,,,,,,,2.3,2.9,3.2,3.7,3.7,3.8,3.4,3.6,3.4,3.3,3.1,3,2.7,2.6,2.6,2.5,2.4,2.4,2.4,2.4,
"Bahamas, The",BHS,"Suicide mortality rate, female (per 100,000 female population)",SH.STA.SUIC.FE.P5,,,,,,,,,,,,,,,,,,,,,,,,,,,,,,,,,,,,,,,,,1.1,1.1,0.8,0.9,1.3,1.3,1.4,1.3,1.3,1.3,1.3,1.3,1.2,1.1,1,1.1,1.1,1.1,1.2,1.3,
Bosnia and Herzegovina,BIH,"Suicide mortality rate, female (per 100,000 female population)",SH.STA.SUIC.FE.P5,,,,,,,,,,,,,,,,,,,,,,,,,,,,,,,,,,,,,,,,,4,4.2,4.3,4.3,4.4,4.4,4.6,4.8,4.5,4.5,4.5,4.4,4.4,4.5,4.6,4.6,4.5,4.5,4.5,4.5,
Belarus,BLR,"Suicide mortality rate, female (per 100,000 female population)",SH.STA.SUIC.FE.P5,,,,,,,,,,,,,,,,,,,,,,,,,,,,,,,,,,,,,,,,,11.9,12,12.7,12.4,12.6,12.9,12.5,11.6,11.6,12,11.2,11.5,10,9.4,8.7,8.3,8.4,8.2,8.1,7.7,
Belize,BLZ,"Suicide mortality rate, female (per 100,000 female population)",SH.STA.SUIC.FE.P5,,,,,,,,,,,,,,,,,,,,,,,,,,,,,,,,,,,,,,,,,2.2,1.9,2,2,2,1.6,1.7,1.5,1.4,1.7,1.8,1.8,1.6,1.5,1.5,1.4,1.4,1.5,1.5,1.7,
Bermuda,BMU,"Suicide mortality rate, female (per 100,000 female population)",SH.STA.SUIC.FE.P5,,,,,,,,,,,,,,,,,,,,,,,,,,,,,,,,,,,,,,,,,,,,,,,,,,,,,,,,,,,,,
Bolivia,BOL,"Suicide mortality rate, female (per 100,000 female population)",SH.STA.SUIC.FE.P5,,,,,,,,,,,,,,,,,,,,,,,,,,,,,,,,,,,,,,,,,4.7,4.5,4.6,4.5,4.4,4.5,4.2,4.5,4.4,4.4,4.4,4.4,4.3,4.3,4.4,4.4,4.5,4.3,4.2,4.1,
Brazil,BRA,"Suicide mortality rate, female (per 100,000 female population)",SH.STA.SUIC.FE.P5,,,,,,,,,,,,,,,,,,,,,,,,,,,,,,,,,,,,,,,,,1.7,1.9,2.1,1.9,2,2.1,2.2,2.3,2.3,2.3,2.5,2.5,2.6,2.6,2.5,2.8,2.7,3,3.1,3,
Barbados,BRB,"Suicide mortality rate, female (per 100,000 female population)",SH.STA.SUIC.FE.P5,,,,,,,,,,,,,,,,,,,,,,,,,,,,,,,,,,,,,,,,,0.5,0.4,0.3,1.7,2,1.8,0.3,0.2,0.5,0.5,0.7,0.4,0.5,0,0.3,0.3,0.3,0.3,0.3,0.3,
Brunei Darussalam,BRN,"Suicide mortality rate, female (per 100,000 female population)",SH.STA.SUIC.FE.P5,,,,,,,,,,,,,,,,,,,,,,,,,,,,,,,,,,,,,,,,,0.6,0.3,0.4,0.4,0.8,1.1,1.4,1.6,1.3,1.3,0.7,0,0.6,1.1,1.4,0.7,0.5,0.8,0.8,0.8,
Bhutan,BTN,"Suicide mortality rate, female (per 100,000 female population)",SH.STA.SUIC.FE.P5,,,,,,,,,,,,,,,,,,,,,,,,,,,,,,,,,,,,,,,,,3.5,3.5,3.2,3.1,3,2.9,2.9,2.7,2.6,2.5,2.4,2.4,2.5,2.5,2.5,2.6,2.6,2.7,2.7,2.7,
Botswana,BWA,"Suicide mortality rate, female (per 100,000 female population)",SH.STA.SUIC.FE.P5,,,,,,,,,,,,,,,,,,,,,,,,,,,,,,,,,,,,,,,,,18.3,18.1,17.3,16.6,16.6,17.7,16.2,15.5,14.3,10.1,8.5,8.8,8.3,7.9,8.6,8.3,7.8,7.5,7.3,6.4,
Central African Republic,CAF,"Suicide mortality rate, female (per 100,000 female population)",SH.STA.SUIC.FE.P5,,,,,,,,,,,,,,,,,,,,,,,,,,,,,,,,,,,,,,,,,9.4,8.7,8.6,8.1,7.6,7.2,7.5,7.2,6.9,7.4,7.4,7.1,6.6,6.3,5.9,5.9,5.4,5.4,5.3,5.2,
Canada,CAN,"Suicide mortality rate, female (per 100,000 female population)",SH.STA.SUIC.FE.P5,,,,,,,,,,,,,,,,,,,,,,,,,,,,,,,,,,,,,,,,,5.7,5.9,5.7,6.2,6.1,6.2,5.7,6.1,6.1,5.9,6.4,6.1,6.2,6.4,6.8,6.9,6.2,6.4,6.2,6.1,
Central Europe and the Baltics,CEB,"Suicide mortality rate, female (per 100,000 female population)",SH.STA.SUIC.FE.P5,,,,,,,,,,,,,,,,,,,,,,,,,,,,,,,,,,,,,,,,,7.815403036105,6.85024369200843,7.08477907482263,6.7780032345563,6.72143793077335,6.48785548685476,6.23318709993133,5.9052616653563,6.0016716824049,5.92579887055334,5.93042166126947,5.62238926109652,5.70723942071246,5.59953741841526,5.40856673619188,5.26420220771806,4.74519431530252,4.8763913679704,4.49473303307537,4.52887701201757,
Switzerland,CHE,"Suicide mortality rate, female (per 100,000 female population)",SH.STA.SUIC.FE.P5,,,,,,,,,,,,,,,,,,,,,,,,,,,,,,,,,,,,,,,,,12.4,12.2,14.1,13.2,12.6,12.6,13.4,13.5,13.4,9.3,9.2,9.2,9.3,9.3,9.7,9.5,8.4,8.9,9,9,
Channel Islands,CHI,"Suicide mortality rate, female (per 100,000 female population)",SH.STA.SUIC.FE.P5,,,,,,,,,,,,,,,,,,,,,,,,,,,,,,,,,,,,,,,,,,,,,,,,,,,,,,,,,,,,,
Chile,CHL,"Suicide mortality rate, female (per 100,000 female population)",SH.STA.SUIC.FE.P5,,,,,,,,,,,,,,,,,,,,,,,,,,,,,,,,,,,,,,,,,2.9,2.9,3,3,3.1,3.2,3.4,4.2,4.8,5,4.4,4.2,3.8,3.6,3.5,4.1,3.4,3.2,3.2,3.2,
China,CHN,"Suicide mortality rate, female (per 100,000 female population)",SH.STA.SUIC.FE.P5,,,,,,,,,,,,,,,,,,,,,,,,,,,,,,,,,,,,,,,,,14.7,12.8,11.4,11.8,12.3,11.9,11.2,10.4,9.8,9.3,8.7,8.1,7.4,7,6.7,6.4,6.3,6.3,6.3,6.2,
Cote d'Ivoire,CIV,"Suicide mortality rate, female (per 100,000 female population)",SH.STA.SUIC.FE.P5,,,,,,,,,,,,,,,,,,,,,,,,,,,,,,,,,,,,,,,,,5.2,4.8,4.5,4.4,4,3.8,4.2,4.2,3.8,4.2,4.5,3.9,3.9,3.8,3.5,3.3,3.1,2.9,2.8,2.8,
Cameroon,CMR,"Suicide mortality rate, female (per 100,000 female population)",SH.STA.SUIC.FE.P5,,,,,,,,,,,,,,,,,,,,,,,,,,,,,,,,,,,,,,,,,5.8,5.9,5.7,5.7,5.6,6.1,6.2,5.8,5.7,5.7,5.5,5.4,5,5.3,5.2,4.8,4.5,4.3,4.3,4.4,
"Congo, Dem. Rep.",COD,"Suicide mortality rate, female (per 100,000 female population)",SH.STA.SUIC.FE.P5,,,,,,,,,,,,,,,,,,,,,,,,,,,,,,,,,,,,,,,,,3.3,3.3,3.3,3.4,3.4,3.4,3.4,3.3,3.3,3.3,3.2,3.1,3,2.9,2.9,2.8,2.8,2.7,2.8,2.8,
"Congo, Rep.",COG,"Suicide mortality rate, female (per 100,000 female population)",SH.STA.SUIC.FE.P5,,,,,,,,,,,,,,,,,,,,,,,,,,,,,,,,,,,,,,,,,8.9,7.7,7,6.7,6.9,6.8,7,6.6,6.3,6.7,6.4,5.9,6,5.3,5,4.2,4,3.9,3.6,3.5,
Colombia,COL,"Suicide mortality rate, female (per 100,000 female population)",SH.STA.SUIC.FE.P5,,,,,,,,,,,,,,,,,,,,,,,,,,,,,,,,,,,,,,,,,2.6,2.5,2.4,2.5,2.2,2,1.9,1.9,1.8,1.8,1.5,1.5,1.5,1.5,1.4,1.9,1.6,1.9,1.7,1.8,
Comoros,COM,"Suicide mortality rate, female (per 100,000 female population)",SH.STA.SUIC.FE.P5,,,,,,,,,,,,,,,,,,,,,,,,,,,,,,,,,,,,,,,,,4.6,4.6,4.5,4.4,4.2,4.1,4.1,3.9,3.9,3.8,4.1,3.9,3.9,3.8,3.9,3.9,3.9,3.8,3.8,3.8,
Cabo Verde,CPV,"Suicide mortality rate, female (per 100,000 female population)",SH.STA.SUIC.FE.P5,,,,,,,,,,,,,,,,,,,,,,,,,,,,,,,,,,,,,,,,,4.8,4.8,4.7,4.6,4.6,4.5,4.8,4.7,4.8,4.9,4.9,4.8,5,5,4.8,4.8,4.7,4.6,4.5,4.5,
Costa Rica,CRI,"Suicide mortality rate, female (per 100,000 female population)",SH.STA.SUIC.FE.P5,,,,,,,,,,,,,,,,,,,,,,,,,,,,,,,,,,,,,,,,,1.5,1.5,2,2.6,2.3,2,2.8,1.9,1.6,1.8,2,2.4,1.9,1.8,1.9,2.3,2.3,2.3,2.2,2,
Caribbean small states,CSS,"Suicide mortality rate, female (per 100,000 female population)",SH.STA.SUIC.FE.P5,,,,,,,,,,,,,,,,,,,,,,,,,,,,,,,,,,,,,,,,,4.28350549684287,4.42578880238064,3.99479318359474,4.17337162731391,4.0142059218082,3.91180844173247,3.86566482353225,3.71530637624871,3.912739712883,4.30630210766895,4.08548980190917,3.84410845274332,4.16488173278743,4.22662741834636,3.86832802866883,4.13721969634067,4.10061459462252,4.08793973510738,4.10117820045236,4.16468089342206,
Cuba,CUB,"Suicide mortality rate, female (per 100,000 female population)",SH.STA.SUIC.FE.P5,,,,,,,,,,,,,,,,,,,,,,,,,,,,,,,,,,,,,,,,,9.8,8.3,8.4,6.8,6.9,6.5,5.1,5,5.8,6.2,6.1,5.9,5.4,5.6,5.7,5.6,5.4,6.3,5.9,6,
Curacao,CUW,"Suicide mortality rate, female (per 100,000 female population)",SH.STA.SUIC.FE.P5,,,,,,,,,,,,,,,,,,,,,,,,,,,,,,,,,,,,,,,,,,,,,,,,,,,,,,,,,,,,,
Cayman Islands,CYM,"Suicide mortality rate, female (per 100,000 female population)",SH.STA.SUIC.FE.P5,,,,,,,,,,,,,,,,,,,,,,,,,,,,,,,,,,,,,,,,,,,,,,,,,,,,,,,,,,,,,
Cyprus,CYP,"Suicide mortality rate, female (per 100,000 female population)",SH.STA.SUIC.FE.P5,,,,,,,,,,,,,,,,,,,,,,,,,,,,,,,,,,,,,,,,,1.3,1.3,1.3,1.3,0.4,1.3,2.3,1.5,3.2,1.4,2.1,1,0.9,1.3,3.1,2.1,1.2,1,1.8,1.3,
Czech Republic,CZE,"Suicide mortality rate, female (per 100,000 female population)",SH.STA.SUIC.FE.P5,,,,,,,,,,,,,,,,,,,,,,,,,,,,,,,,,,,,,,,,,6.8,6.4,6.2,6.9,6,5.8,5.4,4.8,5.3,4.8,5.1,5.2,5.6,5.7,5.9,5,5,5.7,5.1,4.8,
Germany,DEU,"Suicide mortality rate, female (per 100,000 female population)",SH.STA.SUIC.FE.P5,,,,,,,,,,,,,,,,,,,,,,,,,,,,,,,,,,,,,,,,,7.6,7.7,7.9,7.7,7.2,7,6.6,6.3,6.4,6.4,6.8,6.7,7,7.2,6.9,7.3,6.8,6.6,6.8,6.2,
Djibouti,DJI,"Suicide mortality rate, female (per 100,000 female population)",SH.STA.SUIC.FE.P5,,,,,,,,,,,,,,,,,,,,,,,,,,,,,,,,,,,,,,,,,4.7,4.6,4.9,5,5.1,5.1,4.9,5,5.1,5.3,5.6,5.7,5.7,6,6.1,6.1,6.2,6.4,6.5,6.4,
Dominica,DMA,"Suicide mortality rate, female (per 100,000 female population)",SH.STA.SUIC.FE.P5,,,,,,,,,,,,,,,,,,,,,,,,,,,,,,,,,,,,,,,,,,,,,,,,,,,,,,,,,,,,,
Denmark,DNK,"Suicide mortality rate, female (per 100,000 female population)",SH.STA.SUIC.FE.P5,,,,,,,,,,,,,,,,,,,,,,,,,,,,,,,,,,,,,,,,,8.8,10,9.4,7.7,9.6,9.5,9.4,8.8,9,6.5,7.2,7.1,6.9,6.9,6.7,7.2,6.1,7.1,7,6.5,
Dominican Republic,DOM,"Suicide mortality rate, female (per 100,000 female population)",SH.STA.SUIC.FE.P5,,,,,,,,,,,,,,,,,,,,,,,,,,,,,,,,,,,,,,,,,1.3,1.4,1.6,1.7,1.8,1.8,1.6,1.7,1.7,1.8,1.7,1.8,1.9,2,2.2,2.4,2.3,2.1,2,1.8,
Algeria,DZA,"Suicide mortality rate, female (per 100,000 female population)",SH.STA.SUIC.FE.P5,,,,,,,,,,,,,,,,,,,,,,,,,,,,,,,,,,,,,,,,,3.4,3.4,3.3,3.1,3,2.8,2.7,2.6,2.5,2.3,2.2,2.2,2.1,2.1,2,2,1.9,1.9,1.9,1.8,
East Asia & Pacific (excluding high income),EAP,"Suicide mortality rate, female (per 100,000 female population)",SH.STA.SUIC.FE.P5,,,,,,,,,,,,,,,,,,,,,,,,,,,,,,,,,,,,,,,,,11.1422583719355,9.74572091593033,8.76057778348718,8.98082543797357,9.26277228154258,8.94057736823986,8.4341626075159,7.86222836306042,7.43166866373942,7.08558982734444,6.64926789250818,6.24147696928225,5.72742364284584,5.44289758637658,5.22696546627482,5.00930229627253,4.93922815393474,4.92294472152254,4.91240596513407,4.84574582726056,
Early-demographic dividend,EAR,"Suicide mortality rate, female (per 100,000 female population)",SH.STA.SUIC.FE.P5,,,,,,,,,,,,,,,,,,,,,,,,,,,,,,,,,,,,,,,,,8.81317291924105,8.60203878330454,8.23957243932675,7.8034823877035,7.58643222189379,7.59478936498959,7.48423755975474,7.23165123879009,7.1206429583462,7.03059694819473,7.16179431137285,7.07052806779801,6.7585354749398,6.53455849594075,6.19388154715345,6.07588348920295,5.95015811883885,5.87326513817438,6.04354682297696,6.06363273638216,
East Asia & Pacific,EAS,"Suicide mortality rate, female (per 100,000 female population)",SH.STA.SUIC.FE.P5,,,,,,,,,,,,,,,,,,,,,,,,,,,,,,,,,,,,,,,,,11.1779607617759,9.89943080666892,9.07710611857421,9.38690497999622,9.61624756412946,9.36971011595174,8.87934605933336,8.4987767240635,8.10643227928632,7.87785374374862,7.45418134242156,7.08451695521723,6.49062366997151,6.20116163832559,5.93568941183225,5.67150027572206,5.53744121055617,5.47214642102116,5.48359094026396,5.39066559510301,
Europe & Central Asia (excluding high income),ECA,"Suicide mortality rate, female (per 100,000 female population)",SH.STA.SUIC.FE.P5,,,,,,,,,,,,,,,,,,,,,,,,,,,,,,,,,,,,,,,,,10.0136245488148,9.72531865146836,9.7719778754932,9.61353199677621,9.32272847989925,9.29914422404408,8.70201351851723,8.38350463117161,8.23128529980215,7.86432558397518,7.72229502144667,7.39154211263064,7.19074315815819,6.95304916959442,6.94400637380309,6.73806657433877,6.55350328079171,6.06961999897169,5.97549923774519,5.7004283445363,
Europe & Central Asia,ECS,"Suicide mortality rate, female (per 100,000 female population)",SH.STA.SUIC.FE.P5,,,,,,,,,,,,,,,,,,,,,,,,,,,,,,,,,,,,,,,,,8.46150301861585,8.14460656927992,8.26019455106085,8.12081717898121,7.92088464985731,7.84074764448102,7.39304589417942,7.13401660070329,7.10948060005876,6.90569451430093,6.81892362883206,6.65643373553261,6.60370486430783,6.57040987515456,6.49356431609783,6.41687058681307,6.11011743365358,5.93316168176709,5.85832604901444,5.645634124691,
Ecuador,ECU,"Suicide mortality rate, female (per 100,000 female population)",SH.STA.SUIC.FE.P5,,,,,,,,,,,,,,,,,,,,,,,,,,,,,,,,,,,,,,,,,4.3,4.6,5.1,5.2,5.6,5.7,6,5.7,5.7,5.6,5.5,5.3,5.2,4.9,4.5,4.3,4.3,4.3,3.9,3.6,
"Egypt, Arab Rep.",EGY,"Suicide mortality rate, female (per 100,000 female population)",SH.STA.SUIC.FE.P5,,,,,,,,,,,,,,,,,,,,,,,,,,,,,,,,,,,,,,,,,2.4,2.4,2.4,2.4,2.3,2.3,2.3,2.2,2.2,2.2,2.3,2.2,2.3,2.1,2.1,2.2,2.1,2,2,2,
Euro area,EMU,"Suicide mortality rate, female (per 100,000 female population)",SH.STA.SUIC.FE.P5,,,,,,,,,,,,,,,,,,,,,,,,,,,,,,,,,,,,,,,,,7.3518829372757,7.08227100186143,7.24135566348869,7.18925928127843,6.92934022783238,6.78412064470963,6.41164741251896,6.25871291145847,6.32007840110118,6.31085552097602,6.30330414868257,6.26640316081256,6.36684859019553,6.53457138224491,6.34597867868762,6.35458025780034,5.97602366022072,6.08980659457519,6.05405781701381,5.85526386551146,
Eritrea,ERI,"Suicide mortality rate, female (per 100,000 female population)",SH.STA.SUIC.FE.P5,,,,,,,,,,,,,,,,,,,,,,,,,,,,,,,,,,,,,,,,,6.1,5.9,5.9,5.5,5.6,5.7,5.9,5.8,6.2,6.1,5.9,5.8,5.7,5.6,5.5,5.5,5.4,5.4,5.3,5.2,
Spain,ESP,"Suicide mortality rate, female (per 100,000 female population)",SH.STA.SUIC.FE.P5,,,,,,,,,,,,,,,,,,,,,,,,,,,,,,,,,,,,,,,,,4.2,3.9,4.1,4.1,4.2,4,3.5,3.7,3.6,3.5,3.1,3.4,3.6,4.2,4.3,4.1,4.1,4.3,4.1,4.2,
Estonia,EST,"Suicide mortality rate, female (per 100,000 female population)",SH.STA.SUIC.FE.P5,,,,,,,,,,,,,,,,,,,,,,,,,,,,,,,,,,,,,,,,,12.6,11.8,10.2,9.3,8.9,8.2,8.8,7.1,7.9,7.3,6.6,5.9,7.6,7.2,7.2,5.4,6.2,8.1,7.1,6.5,
Ethiopia,ETH,"Suicide mortality rate, female (per 100,000 female population)",SH.STA.SUIC.FE.P5,,,,,,,,,,,,,,,,,,,,,,,,,,,,,,,,,,,,,,,,,6.1,6,5.8,5.7,5.5,5.4,5.2,5.1,5,4.8,4.4,4.1,3.6,3.2,3.2,3.2,3.1,3.1,3.1,3.1,
European Union,EUU,"Suicide mortality rate, female (per 100,000 female population)",SH.STA.SUIC.FE.P5,,,,,,,,,,,,,,,,,,,,,,,,,,,,,,,,,,,,,,,,,7.37757732310997,7.00781406307816,7.18767174347278,7.05215333922327,6.84532748043546,6.74686497443553,6.42233293398539,6.21658264145945,6.28600300420035,6.25274741716601,6.25117293641069,6.13951534286456,6.26026971302871,6.377150902505,6.19686018783261,6.16160828420541,5.75804093870867,5.86720098868102,5.78617959486292,5.62590205018869,
Fragile and conflict affected situations,FCS,"Suicide mortality rate, female (per 100,000 female population)",SH.STA.SUIC.FE.P5,,,,,,,,,,,,,,,,,,,,,,,,,,,,,,,,,,,,,,,,,3.96944266208624,3.8968621932018,3.82573982427739,3.76618979139026,3.77905222204634,3.73347828195509,3.73196250107732,3.69908390913798,3.69369496171724,3.67710166163372,3.53391244949642,3.41565042842835,3.28525014109062,3.21112031498964,3.11967039832642,3.01607743934373,2.95145985398258,2.86385397231566,2.86709573573494,2.84346684149659,
Finland,FIN,"Suicide mortality rate, female (per 100,000 female population)",SH.STA.SUIC.FE.P5,,,,,,,,,,,,,,,,,,,,,,,,,,,,,,,,,,,,,,,,,12.2,10.9,11,10.6,9.8,10.7,10.5,9.6,9.5,10.9,9.3,8.2,8.4,8.7,7.5,6.6,7,8.7,8,7.6,
Fiji,FJI,"Suicide mortality rate, female (per 100,000 female population)",SH.STA.SUIC.FE.P5,,,,,,,,,,,,,,,,,,,,,,,,,,,,,,,,,,,,,,,,,7.8,7.5,7.6,7.2,6.8,6.6,6,5.9,6.3,6.4,6.2,6.1,6,5.9,5.8,5.7,5.7,5.8,5.7,5.7,
France,FRA,"Suicide mortality rate, female (per 100,000 female population)",SH.STA.SUIC.FE.P5,,,,,,,,,,,,,,,,,,,,,,,,,,,,,,,,,,,,,,,,,11.7,11.3,11.9,11.6,11.5,11.1,10.6,10.4,10.4,10.4,10.4,9.9,9.7,9.4,8.8,8.4,8,8,7.8,7.6,
Faroe Islands,FRO,"Suicide mortality rate, female (per 100,000 female population)",SH.STA.SUIC.FE.P5,,,,,,,,,,,,,,,,,,,,,,,,,,,,,,,,,,,,,,,,,,,,,,,,,,,,,,,,,,,,,
"Micronesia, Fed. Sts.",FSM,"Suicide mortality rate, female (per 100,000 female population)",SH.STA.SUIC.FE.P5,,,,,,,,,,,,,,,,,,,,,,,,,,,,,,,,,,,,,,,,,11.4,11,10.3,10.5,10.8,11.1,11.1,11,11,11,11,11.3,11.5,11.6,11.6,12.2,12,12.3,12.6,12.7,
Gabon,GAB,"Suicide mortality rate, female (per 100,000 female population)",SH.STA.SUIC.FE.P5,,,,,,,,,,,,,,,,,,,,,,,,,,,,,,,,,,,,,,,,,5.3,5.1,4.6,4.5,4.1,4.1,4.7,4.3,4.5,3.8,3.6,3.4,2.7,2.5,3.1,3.1,2.7,2.6,2.5,2.4,
United Kingdom,GBR,"Suicide mortality rate, female (per 100,000 female population)",SH.STA.SUIC.FE.P5,,,,,,,,,,,,,,,,,,,,,,,,,,,,,,,,,,,,,,,,,4.3,3.9,4.1,4.1,4.3,4.1,3.8,3.6,3.8,3.7,3.7,3.9,3.7,3.8,4,4.4,4.1,4.1,4.1,4,
Georgia,GEO,"Suicide mortality rate, female (per 100,000 female population)",SH.STA.SUIC.FE.P5,,,,,,,,,,,,,,,,,,,,,,,,,,,,,,,,,,,,,,,,,2.8,2.7,3.4,3,3.1,2.5,2.3,2.4,2.7,3.4,2.9,3,2.9,3.1,3.5,3.6,3.5,3.1,3.1,3,
Ghana,GHA,"Suicide mortality rate, female (per 100,000 female population)",SH.STA.SUIC.FE.P5,,,,,,,,,,,,,,,,,,,,,,,,,,,,,,,,,,,,,,,,,1.8,1.9,1.9,2,2,2,2,2.1,2,2,2,1.8,1.8,1.7,1.6,1.5,1.4,1.3,1.2,1.2,
Gibraltar,GIB,"Suicide mortality rate, female (per 100,000 female population)",SH.STA.SUIC.FE.P5,,,,,,,,,,,,,,,,,,,,,,,,,,,,,,,,,,,,,,,,,,,,,,,,,,,,,,,,,,,,,
Guinea,GIN,"Suicide mortality rate, female (per 100,000 female population)",SH.STA.SUIC.FE.P5,,,,,,,,,,,,,,,,,,,,,,,,,,,,,,,,,,,,,,,,,4,3.9,4,4,4,4,4.3,4.5,4.5,4.6,4.8,5,5,5.1,4.9,5.1,5.1,5,4.8,4.9,
"Gambia, The",GMB,"Suicide mortality rate, female (per 100,000 female population)",SH.STA.SUIC.FE.P5,,,,,,,,,,,,,,,,,,,,,,,,,,,,,,,,,,,,,,,,,3.6,3.6,3.7,3.7,3.7,3.7,3.7,3.6,3.6,3.5,3.4,3.5,3.5,3.5,3.4,3.3,3.1,3,3,3,
Guinea-Bissau,GNB,"Suicide mortality rate, female (per 100,000 female population)",SH.STA.SUIC.FE.P5,,,,,,,,,,,,,,,,,,,,,,,,,,,,,,,,,,,,,,,,,5,4.9,4.8,4.7,4.7,4.6,4.6,4.6,4.7,4.6,4.6,4.5,4.3,4.4,4.3,4.1,4.1,4.1,3.9,3.9,
Equatorial Guinea,GNQ,"Suicide mortality rate, female (per 100,000 female population)",SH.STA.SUIC.FE.P5,,,,,,,,,,,,,,,,,,,,,,,,,,,,,,,,,,,,,,,,,5.3,5.1,4.7,4.9,5,5,5.7,5.8,6.2,6.9,6.9,6.5,6.1,5.7,6.2,7.1,6.7,5.9,5.7,6,
Greece,GRC,"Suicide mortality rate, female (per 100,000 female population)",SH.STA.SUIC.FE.P5,,,,,,,,,,,,,,,,,,,,,,,,,,,,,,,,,,,,,,,,,1.5,0.9,1.2,1.2,1.2,1.4,1.2,1.1,1.2,1.1,0.7,1.5,1.7,2,2.2,2,1.6,2,1.9,1.9,
Grenada,GRD,"Suicide mortality rate, female (per 100,000 female population)",SH.STA.SUIC.FE.P5,,,,,,,,,,,,,,,,,,,,,,,,,,,,,,,,,,,,,,,,,0.5,0.7,0.5,0.5,0.7,0.6,1.4,0.6,0.7,0,0,0,0.6,0.6,1.1,0.5,1,0.5,0.6,0.7,
Greenland,GRL,"Suicide mortality rate, female (per 100,000 female population)",SH.STA.SUIC.FE.P5,,,,,,,,,,,,,,,,,,,,,,,,,,,,,,,,,,,,,,,,,,,,,,,,,,,,,,,,,,,,,
Guatemala,GTM,"Suicide mortality rate, female (per 100,000 female population)",SH.STA.SUIC.FE.P5,,,,,,,,,,,,,,,,,,,,,,,,,,,,,,,,,,,,,,,,,3.5,3.8,3.9,3.9,4,4,3.9,3.5,3.3,3.5,3.2,3,2.9,2.9,2.9,2.9,2.8,2.7,2.6,2.6,
Guam,GUM,"Suicide mortality rate, female (per 100,000 female population)",SH.STA.SUIC.FE.P5,,,,,,,,,,,,,,,,,,,,,,,,,,,,,,,,,,,,,,,,,,,,,,,,,,,,,,,,,,,,,
Guyana,GUY,"Suicide mortality rate, female (per 100,000 female population)",SH.STA.SUIC.FE.P5,,,,,,,,,,,,,,,,,,,,,,,,,,,,,,,,,,,,,,,,,13.8,14.9,13.5,15.5,14.7,14,14.6,14.6,14.1,18.3,15.2,14.5,15.7,17.4,13.9,16.2,16.4,16.7,17.1,17.4,
High income,HIC,"Suicide mortality rate, female (per 100,000 female population)",SH.STA.SUIC.FE.P5,,,,,,,,,,,,,,,,,,,,,,,,,,,,,,,,,,,,,,,,,6.98753737915416,6.84262692315261,7.12228989122018,7.28440325098778,7.28537585229716,7.2636177021084,7.08835608502933,7.29575181167255,7.35280332625839,7.50280361782811,7.46546694539689,7.49698663423532,7.30451961968927,7.33265427265353,7.23207555127887,7.20515367260778,6.91509623726924,6.88250004921985,6.91640183492604,6.8664833480184,
"Hong Kong SAR, China",HKG,"Suicide mortality rate, female (per 100,000 female population)",SH.STA.SUIC.FE.P5,,,,,,,,,,,,,,,,,,,,,,,,,,,,,,,,,,,,,,,,,,,,,,,,,,,,,,,,,,,,,
Honduras,HND,"Suicide mortality rate, female (per 100,000 female population)",SH.STA.SUIC.FE.P5,,,,,,,,,,,,,,,,,,,,,,,,,,,,,,,,,,,,,,,,,0.8,0.8,0.8,0.9,0.9,0.9,0.9,0.9,0.8,0.8,0.8,0.8,0.8,0.8,0.8,0.8,0.8,0.8,0.8,0.8,
Heavily indebted poor countries (HIPC),HPC,"Suicide mortality rate, female (per 100,000 female population)",SH.STA.SUIC.FE.P5,,,,,,,,,,,,,,,,,,,,,,,,,,,,,,,,,,,,,,,,,4.87375051699127,4.70430208539392,4.52710510071522,4.44008405465398,4.3365327978274,4.30157873190526,4.26692964855699,4.14865283120301,4.09201095249627,4.07105669660321,3.97456542561424,3.85368951009544,3.66368004053409,3.51691267209928,3.38698338966551,3.31044151387967,3.24471096487175,3.15966468078132,3.12721381475784,3.12566827645655,
Croatia,HRV,"Suicide mortality rate, female (per 100,000 female population)",SH.STA.SUIC.FE.P5,,,,,,,,,,,,,,,,,,,,,,,,,,,,,,,,,,,,,,,,,10.3,9.8,10,8.5,10.2,9.9,10,9,8.3,7.8,9,8.4,8.6,7,8.7,9.2,7.8,7.6,8.1,8.1,
Haiti,HTI,"Suicide mortality rate, female (per 100,000 female population)",SH.STA.SUIC.FE.P5,,,,,,,,,,,,,,,,,,,,,,,,,,,,,,,,,,,,,,,,,9.7,9.5,9.4,9.3,8.9,9.4,9.5,9.7,9.6,9.7,10.1,9.2,8.8,8.7,8.6,8.5,8.2,7.8,7.7,7.6,
Hungary,HUN,"Suicide mortality rate, female (per 100,000 female population)",SH.STA.SUIC.FE.P5,,,,,,,,,,,,,,,,,,,,,,,,,,,,,,,,,,,,,,,,,15.9,13.2,12.5,12.2,12.5,11.6,11.8,11.3,11.3,11.1,11,11.5,11.4,10.4,9.3,9.9,9.3,8.2,8.1,8.3,
IBRD only,IBD,"Suicide mortality rate, female (per 100,000 female population)",SH.STA.SUIC.FE.P5,,,,,,,,,,,,,,,,,,,,,,,,,,,,,,,,,,,,,,,,,10.9720716683313,10.1863995904456,9.54551312677677,9.3557260961262,9.33939945447037,9.25647154893866,8.84930507087937,8.42226861225669,8.14861673258526,7.91570420419745,7.84611529970811,7.56823634380304,7.14780917537082,6.86731807517231,6.54688908213019,6.39182707426123,6.25758438211339,6.19580016921751,6.31404417538596,6.27864544297635,
IDA & IBRD total,IBT,"Suicide mortality rate, female (per 100,000 female population)",SH.STA.SUIC.FE.P5,,,,,,,,,,,,,,,,,,,,,,,,,,,,,,,,,,,,,,,,,9.52525825521893,8.87108917023676,8.33783205598434,8.16377428140093,8.1246520376943,8.03932244917713,7.72025249745439,7.36314145346146,7.13507214326538,6.93855484211304,6.84940519061193,6.60170714104583,6.24940709346594,6.01099887793117,5.73748566164859,5.59666673827904,5.47454332457801,5.39857255643107,5.47167661923457,5.43185873141149,
IDA total,IDA,"Suicide mortality rate, female (per 100,000 female population)",SH.STA.SUIC.FE.P5,,,,,,,,,,,,,,,,,,,,,,,,,,,,,,,,,,,,,,,,,4.21600804174543,4.10674559124085,4.02022526787755,3.95794303942095,3.89474565218778,3.8572160525867,3.89305924168621,3.82208217276264,3.79255187483724,3.75928065370185,3.65018337052591,3.5398667907926,3.43905345437747,3.36548512072247,3.2681291506755,3.20157363105185,3.14623792781706,3.05888321374114,3.03296965324654,3.01481073698724,
IDA blend,IDB,"Suicide mortality rate, female (per 100,000 female population)",SH.STA.SUIC.FE.P5,,,,,,,,,,,,,,,,,,,,,,,,,,,,,,,,,,,,,,,,,4.27826146131332,4.24094679950097,4.23556788010501,4.18833455397235,4.19736939328053,4.14914442005098,4.26288103484477,4.24708378798425,4.27961066485213,4.20942820204772,4.08723078947398,3.94490776410422,3.87829756264547,3.90621008523236,3.8448887585739,3.72918882340411,3.67026524559656,3.57227538913487,3.51805735371755,3.43970624307443,
Indonesia,IDN,"Suicide mortality rate, female (per 100,000 female population)",SH.STA.SUIC.FE.P5,,,,,,,,,,,,,,,,,,,,,,,,,,,,,,,,,,,,,,,,,1.9,1.8,1.8,1.7,1.6,1.5,1.5,1.4,1.4,1.4,1.3,1.3,1.2,1.2,1.2,1.1,1.1,1.1,1.1,1.1,
IDA only,IDX,"Suicide mortality rate, female (per 100,000 female population)",SH.STA.SUIC.FE.P5,,,,,,,,,,,,,,,,,,,,,,,,,,,,,,,,,,,,,,,,,4.18517561645434,4.04032907528709,3.91376041015089,3.84416890748729,3.74545481637755,3.71330711441905,3.71082717451739,3.61266880862566,3.55248113537237,3.53725986149449,3.43426982881421,3.33940009186248,3.22139145216578,3.09718374886924,2.98159437214126,2.93919871150831,2.8854755895869,2.80332377708382,2.79147947649656,2.80331428301423,
Isle of Man,IMN,"Suicide mortality rate, female (per 100,000 female population)",SH.STA.SUIC.FE.P5,,,,,,,,,,,,,,,,,,,,,,,,,,,,,,,,,,,,,,,,,,,,,,,,,,,,,,,,,,,,,
India,IND,"Suicide mortality rate, female (per 100,000 female population)",SH.STA.SUIC.FE.P5,,,,,,,,,,,,,,,,,,,,,,,,,,,,,,,,,,,,,,,,,16.4,15.9,15,14,13.6,13.7,13.5,12.9,12.6,12.4,12.9,12.8,12.2,11.8,11,10.8,10.6,10.5,11,11.1,
Not classified,INX,"Suicide mortality rate, female (per 100,000 female population)",SH.STA.SUIC.FE.P5,,,,,,,,,,,,,,,,,,,,,,,,,,,,,,,,,,,,,,,,,,,,,,,,,,,,,,,,,,,,,
Ireland,IRL,"Suicide mortality rate, female (per 100,000 female population)",SH.STA.SUIC.FE.P5,,,,,,,,,,,,,,,,,,,,,,,,,,,,,,,,,,,,,,,,,4.8,4.5,4.5,5.6,4.2,5.1,4.5,5,5.9,5.4,5.4,4.6,4.5,4.7,4,4,4,4.1,4,3.9,
"Iran, Islamic Rep.",IRN,"Suicide mortality rate, female (per 100,000 female population)",SH.STA.SUIC.FE.P5,,,,,,,,,,,,,,,,,,,,,,,,,,,,,,,,,,,,,,,,,6.2,6.1,5.9,5.5,5.3,4.9,4.6,4.8,4.5,4.3,4.3,4.3,4.1,3.8,3.6,3.3,3.2,3,2.9,2.8,
Iraq,IRQ,"Suicide mortality rate, female (per 100,000 female population)",SH.STA.SUIC.FE.P5,,,,,,,,,,,,,,,,,,,,,,,,,,,,,,,,,,,,,,,,,2.7,2.7,2.7,2.5,2.5,2.5,2.4,2.3,2.3,2.4,2.5,2.6,2.6,2.5,2.4,2.4,2.3,2.2,2.1,2,
Iceland,ISL,"Suicide mortality rate, female (per 100,000 female population)",SH.STA.SUIC.FE.P5,,,,,,,,,,,,,,,,,,,,,,,,,,,,,,,,,,,,,,,,,6.3,6.4,6.2,5.7,7.3,8.3,7.8,10.3,8.9,8.5,5.8,5.4,8.6,7.3,9.4,5.9,4.6,2.7,3.8,3.9,
Israel,ISR,"Suicide mortality rate, female (per 100,000 female population)",SH.STA.SUIC.FE.P5,,,,,,,,,,,,,,,,,,,,,,,,,,,,,,,,,,,,,,,,,3,2.5,2.9,2.5,2.7,3.8,2.7,2,2,2.7,2.5,2.4,2.3,2.6,2.5,2.1,2.1,2.5,2.4,2.3,
Italy,ITA,"Suicide mortality rate, female (per 100,000 female population)",SH.STA.SUIC.FE.P5,,,,,,,,,,,,,,,,,,,,,,,,,,,,,,,,,,,,,,,,,3.9,3.6,3.5,3.8,3.5,3.5,3.4,3.3,3.4,3.4,3.2,3.3,3.6,3.7,3.5,3.6,3.2,3.5,3.5,3.5,
Jamaica,JAM,"Suicide mortality rate, female (per 100,000 female population)",SH.STA.SUIC.FE.P5,,,,,,,,,,,,,,,,,,,,,,,,,,,,,,,,,,,,,,,,,0.9,0.8,0.8,0.8,0.8,0.7,0.7,0.7,0.8,0.9,0.9,0.9,0.9,0.9,1,1.1,1,1,1,1.1,
Jordan,JOR,"Suicide mortality rate, female (per 100,000 female population)",SH.STA.SUIC.FE.P5,,,,,,,,,,,,,,,,,,,,,,,,,,,,,,,,,,,,,,,,,1.8,1.7,1.6,1.6,1.6,1.3,1.2,1,0.9,0.8,0.8,0.7,0.7,0.7,0.7,0.7,0.7,0.7,0.7,0.7,
Japan,JPN,"Suicide mortality rate, female (per 100,000 female population)",SH.STA.SUIC.FE.P5,,,,,,,,,,,,,,,,,,,,,,,,,,,,,,,,,,,,,,,,,13.6,13,13.1,13.8,13.2,13.2,13.5,14.2,13.9,13.8,13.8,14.3,12.9,12.9,12.3,11.4,10.5,10.1,10.2,9.2,
Kazakhstan,KAZ,"Suicide mortality rate, female (per 100,000 female population)",SH.STA.SUIC.FE.P5,,,,,,,,,,,,,,,,,,,,,,,,,,,,,,,,,,,,,,,,,11.5,11.8,12.1,12.4,12.4,12.3,12.3,12.3,12,10.9,10.5,10,9.6,9.2,8.5,8.2,7.8,7.6,7.1,6.8,
Kenya,KEN,"Suicide mortality rate, female (per 100,000 female population)",SH.STA.SUIC.FE.P5,,,,,,,,,,,,,,,,,,,,,,,,,,,,,,,,,,,,,,,,,4.4,3.9,3.6,3.2,2.7,3,3,3.4,3.4,3.3,3.4,3.1,3,3.2,3.1,2.9,2.8,2.8,3.1,3.2,
Kyrgyz Republic,KGZ,"Suicide mortality rate, female (per 100,000 female population)",SH.STA.SUIC.FE.P5,,,,,,,,,,,,,,,,,,,,,,,,,,,,,,,,,,,,,,,,,4.8,4.3,4.7,4.6,4.4,4.8,4.7,4.7,4.6,4.8,4.6,4.8,4.4,4,4.1,3.9,3.7,3.5,3.4,3.2,
Cambodia,KHM,"Suicide mortality rate, female (per 100,000 female population)",SH.STA.SUIC.FE.P5,,,,,,,,,,,,,,,,,,,,,,,,,,,,,,,,,,,,,,,,,3.9,3.9,3.8,3.7,3.8,3.8,3.7,3.6,3.4,3.2,3.2,3.1,3.1,3,2.9,2.9,2.9,2.8,2.8,2.8,
Kiribati,KIR,"Suicide mortality rate, female (per 100,000 female population)",SH.STA.SUIC.FE.P5,,,,,,,,,,,,,,,,,,,,,,,,,,,,,,,,,,,,,,,,,9.9,9.8,9.8,9.6,9.6,9.6,9.6,9.8,9.9,9.8,9.7,9.7,9.6,9.6,9.5,9.4,9.3,9.1,8.6,8.7,
St. Kitts and Nevis,KNA,"Suicide mortality rate, female (per 100,000 female population)",SH.STA.SUIC.FE.P5,,,,,,,,,,,,,,,,,,,,,,,,,,,,,,,,,,,,,,,,,,,,,,,,,,,,,,,,,,,,,
"Korea, Rep.",KOR,"Suicide mortality rate, female (per 100,000 female population)",SH.STA.SUIC.FE.P5,,,,,,,,,,,,,,,,,,,,,,,,,,,,,,,,,,,,,,,,,9,9.5,12,15.1,16.1,17.9,15.5,19.5,20.4,24.4,23,21.9,19.5,18.6,17.2,16.5,16,14.7,15.9,16.9,
Kuwait,KWT,"Suicide mortality rate, female (per 100,000 female population)",SH.STA.SUIC.FE.P5,,,,,,,,,,,,,,,,,,,,,,,,,,,,,,,,,,,,,,,,,1.6,1.5,1.4,1.3,1.3,1.3,1.2,1.2,1.2,1.1,1,0.9,0.9,0.8,0.8,0.7,0.7,0.7,0.7,0.7,
Latin America & Caribbean (excluding high income),LAC,"Suicide mortality rate, female (per 100,000 female population)",SH.STA.SUIC.FE.P5,,,,,,,,,,,,,,,,,,,,,,,,,,,,,,,,,,,,,,,,,2.36630412534609,2.51035336889014,2.5876790994009,2.46982943815603,2.44042065492587,2.48022236567698,2.40774832204966,2.47599595780506,2.51950530185731,2.57246111517048,2.57127628035568,2.63024389505366,2.63329462164668,2.61346291299889,2.6721565789824,2.77481992352331,2.6271512100527,2.82180900443657,2.81766288185062,2.74636387606272,
Lao PDR,LAO,"Suicide mortality rate, female (per 100,000 female population)",SH.STA.SUIC.FE.P5,,,,,,,,,,,,,,,,,,,,,,,,,,,,,,,,,,,,,,,,,5.6,5.6,5.4,5.2,5,5,4.8,4.6,4.5,4.3,4.2,4.1,3.8,3.7,3.5,3.5,3.4,3.4,3.3,3.2,
Lebanon,LBN,"Suicide mortality rate, female (per 100,000 female population)",SH.STA.SUIC.FE.P5,,,,,,,,,,,,,,,,,,,,,,,,,,,,,,,,,,,,,,,,,2.3,2.2,2.1,2,2,1.9,1.8,1.9,1.9,1.9,1.9,1.9,1.8,1.8,1.8,1.7,1.7,1.8,1.6,1.7,
Liberia,LBR,"Suicide mortality rate, female (per 100,000 female population)",SH.STA.SUIC.FE.P5,,,,,,,,,,,,,,,,,,,,,,,,,,,,,,,,,,,,,,,,,3.9,3.8,3.8,3.9,4.2,3.9,4,4.2,4.1,3.9,3.9,4,4,3.9,4,3.7,3.7,3.7,3.5,3.3,
Libya,LBY,"Suicide mortality rate, female (per 100,000 female population)",SH.STA.SUIC.FE.P5,,,,,,,,,,,,,,,,,,,,,,,,,,,,,,,,,,,,,,,,,3,2.9,2.9,2.7,2.5,2.5,2.5,3.2,3.4,3.9,3.7,3.2,3.4,3.1,3.2,3.1,3,3.2,3.4,2.9,
St. Lucia,LCA,"Suicide mortality rate, female (per 100,000 female population)",SH.STA.SUIC.FE.P5,,,,,,,,,,,,,,,,,,,,,,,,,,,,,,,,,,,,,,,,,1.9,1.8,1.6,1.6,1.6,1.6,1.6,1.6,1.7,1.6,1.7,1.6,1.8,1.8,1.8,1.8,1.6,1.7,1.7,1.7,
Latin America & Caribbean,LCN,"Suicide mortality rate, female (per 100,000 female population)",SH.STA.SUIC.FE.P5,,,,,,,,,,,,,,,,,,,,,,,,,,,,,,,,,,,,,,,,,2.3719057269582,2.51692786692164,2.60514858738022,2.48367109277442,2.44456630780843,2.48054521259572,2.41544608431897,2.50072151979126,2.54617246086484,2.59435606736392,2.57929392599714,2.62128805834722,2.611687799049,2.58193169705572,2.63140527539183,2.7467334239135,2.60315898115472,2.76670218554668,2.76445140374888,2.70228890529887,
Least developed countries: UN classification,LDC,"Suicide mortality rate, female (per 100,000 female population)",SH.STA.SUIC.FE.P5,,,,,,,,,,,,,,,,,,,,,,,,,,,,,,,,,,,,,,,,,4.33136047979721,4.18516269141387,4.06164087784123,3.99028918390435,3.89268896936121,3.86197415009642,3.85743594174166,3.73050750710301,3.68380465431368,3.63757221912217,3.52841892619647,3.43212077499601,3.30446045576321,3.16795008983935,3.04763427588895,3.01130030509719,2.96115570804142,2.87299554104686,2.86188504527922,2.87778015253223,
Low income,LIC,"Suicide mortality rate, female (per 100,000 female population)",SH.STA.SUIC.FE.P5,,,,,,,,,,,,,,,,,,,,,,,,,,,,,,,,,,,,,,,,,4.84513309696709,4.71414790992133,4.58223577035967,4.49506563934915,4.41686564573153,4.37637423431967,4.32418604748994,4.21163800189538,4.17083138845899,4.127586329384,4.03413484670581,3.94730134266517,3.79438893237895,3.65077749090493,3.55308824533499,3.51774038469146,3.47112384191428,3.38752490527292,3.37939533377057,3.38119607294087,
Liechtenstein,LIE,"Suicide mortality rate, female (per 100,000 female population)",SH.STA.SUIC.FE.P5,,,,,,,,,,,,,,,,,,,,,,,,,,,,,,,,,,,,,,,,,,,,,,,,,,,,,,,,,,,,,
Sri Lanka,LKA,"Suicide mortality rate, female (per 100,000 female population)",SH.STA.SUIC.FE.P5,,,,,,,,,,,,,,,,,,,,,,,,,,,,,,,,,,,,,,,,,14.4,10.2,9.9,10.2,9.8,18.8,8,8.7,8,8.7,11.4,7.4,7.1,6.7,5.2,6.7,6.6,6.4,6.3,6.2,
Lower middle income,LMC,"Suicide mortality rate, female (per 100,000 female population)",SH.STA.SUIC.FE.P5,,,,,,,,,,,,,,,,,,,,,,,,,,,,,,,,,,,,,,,,,9.28967986366725,8.9679459861009,8.55070547115638,8.0781762240789,7.84891485777998,7.92024268039108,7.74088534904602,7.46740358276232,7.31047892292015,7.19135943421023,7.36126256570793,7.23366114137149,6.92420587929768,6.71075098230246,6.31109730742155,6.17545421854564,6.05018351110921,5.94450528872834,6.11558615602025,6.13200536343309,
Low & middle income,LMY,"Suicide mortality rate, female (per 100,000 female population)",SH.STA.SUIC.FE.P5,,,,,,,,,,,,,,,,,,,,,,,,,,,,,,,,,,,,,,,,,9.61909398251242,8.95692713029895,8.40908204252516,8.23494763990586,8.19353471366629,8.10602009049963,7.78115088288677,7.42137312660403,7.19251417700607,6.98957468084051,6.90423527931608,6.65828197163298,6.30054762323699,6.06137887719909,5.78552007200683,5.64426530960423,5.52603108088949,5.44994490057925,5.52214583581865,5.48127603111003,
Lesotho,LSO,"Suicide mortality rate, female (per 100,000 female population)",SH.STA.SUIC.FE.P5,,,,,,,,,,,,,,,,,,,,,,,,,,,,,,,,,,,,,,,,,12.7,12.3,12.9,14.7,15,14.4,18.8,19.1,25.9,26,25.9,29.4,34.5,37.5,39.5,39.3,36,30.8,29.9,30.1,
Late-demographic dividend,LTE,"Suicide mortality rate, female (per 100,000 female population)",SH.STA.SUIC.FE.P5,,,,,,,,,,,,,,,,,,,,,,,,,,,,,,,,,,,,,,,,,11.6496715752827,10.3718688900414,9.54840762480003,9.71401742409765,9.93343416273906,9.75307534436739,9.11284978190396,8.58205915229361,8.17834422739257,7.83133630252521,7.4643691244706,6.99267383599928,6.52447587534164,6.23604066543553,6.01651185260012,5.85513407703018,5.72586035541908,5.66922491054637,5.64263540901015,5.52801920890691,
Lithuania,LTU,"Suicide mortality rate, female (per 100,000 female population)",SH.STA.SUIC.FE.P5,,,,,,,,,,,,,,,,,,,,,,,,,,,,,,,,,,,,,,,,,18.4,16.3,14,15.3,15.3,14.4,12.3,11.4,12.4,12.2,12.9,14.2,12.5,13.9,11.6,11.9,9.6,11.5,10.1,9.6,
Luxembourg,LUX,"Suicide mortality rate, female (per 100,000 female population)",SH.STA.SUIC.FE.P5,,,,,,,,,,,,,,,,,,,,,,,,,,,,,,,,,,,,,,,,,9.2,9.2,8.3,8.9,5.7,6.7,7.5,7.8,7.8,6.4,6.8,7.4,7.7,7,9.1,7.7,6.4,6,6.7,7.1,
Latvia,LVA,"Suicide mortality rate, female (per 100,000 female population)",SH.STA.SUIC.FE.P5,,,,,,,,,,,,,,,,,,,,,,,,,,,,,,,,,,,,,,,,,12.8,11.5,12.8,11,9.5,10.2,7.1,8.1,9.4,9.2,5.9,7.2,7.3,6.2,7.1,8.4,8.2,8.3,4.3,7,
"Macao SAR, China",MAC,"Suicide mortality rate, female (per 100,000 female population)",SH.STA.SUIC.FE.P5,,,,,,,,,,,,,,,,,,,,,,,,,,,,,,,,,,,,,,,,,,,,,,,,,,,,,,,,,,,,,
St. Martin (French part),MAF,"Suicide mortality rate, female (per 100,000 female population)",SH.STA.SUIC.FE.P5,,,,,,,,,,,,,,,,,,,,,,,,,,,,,,,,,,,,,,,,,,,,,,,,,,,,,,,,,,,,,
Morocco,MAR,"Suicide mortality rate, female (per 100,000 female population)",SH.STA.SUIC.FE.P5,,,,,,,,,,,,,,,,,,,,,,,,,,,,,,,,,,,,,,,,,7.6,7.5,7.4,7.3,7.1,7.1,6.9,6.9,6.7,6.6,6.4,6.2,6,5.8,5.5,5.3,5.1,5,4.8,4.7,
Monaco,MCO,"Suicide mortality rate, female (per 100,000 female population)",SH.STA.SUIC.FE.P5,,,,,,,,,,,,,,,,,,,,,,,,,,,,,,,,,,,,,,,,,,,,,,,,,,,,,,,,,,,,,
Moldova,MDA,"Suicide mortality rate, female (per 100,000 female population)",SH.STA.SUIC.FE.P5,,,,,,,,,,,,,,,,,,,,,,,,,,,,,,,,,,,,,,,,,4.6,5.8,5.8,5.3,5.8,5.9,5.7,5,6.3,5.6,5.8,4.4,5.9,5.2,4.7,5.4,4.7,4,3.8,4.1,
Madagascar,MDG,"Suicide mortality rate, female (per 100,000 female population)",SH.STA.SUIC.FE.P5,,,,,,,,,,,,,,,,,,,,,,,,,,,,,,,,,,,,,,,,,3.5,3.4,3.5,3.6,3.6,3.5,3.5,3.4,3.4,3.4,3.5,3.5,3.4,3.4,3.4,3.4,3.4,3.4,3.3,3.4,
Maldives,MDV,"Suicide mortality rate, female (per 100,000 female population)",SH.STA.SUIC.FE.P5,,,,,,,,,,,,,,,,,,,,,,,,,,,,,,,,,,,,,,,,,1.6,1.6,1.4,1.3,1.1,1.1,1,1,0.9,0.9,0.9,0.9,0.8,0.8,0.8,0.8,0.8,0.8,0.8,0.8,
Middle East & North Africa,MEA,"Suicide mortality rate, female (per 100,000 female population)",SH.STA.SUIC.FE.P5,,,,,,,,,,,,,,,,,,,,,,,,,,,,,,,,,,,,,,,,,3.81814235655784,3.76314027024653,3.68808670232586,3.53577840196569,3.448479649392,3.34178446836071,3.21046094935636,3.20697008002264,3.1194340572863,3.0793008992131,3.0810089716431,3.04881759401752,3.01482316615971,2.8931391739009,2.79961310014686,2.71586131147348,2.63258905080798,2.56125314794751,2.52923494550153,2.46983642648915,
Mexico,MEX,"Suicide mortality rate, female (per 100,000 female population)",SH.STA.SUIC.FE.P5,,,,,,,,,,,,,,,,,,,,,,,,,,,,,,,,,,,,,,,,,1.1,1.4,1.3,1.4,1.3,1.4,1.3,1.5,1.7,1.8,1.7,2,1.9,2,2.3,2.3,2.1,2.2,2.2,2.2,
Marshall Islands,MHL,"Suicide mortality rate, female (per 100,000 female population)",SH.STA.SUIC.FE.P5,,,,,,,,,,,,,,,,,,,,,,,,,,,,,,,,,,,,,,,,,,,,,,,,,,,,,,,,,,,,,
Middle income,MIC,"Suicide mortality rate, female (per 100,000 female population)",SH.STA.SUIC.FE.P5,,,,,,,,,,,,,,,,,,,,,,,,,,,,,,,,,,,,,,,,,10.0270329756016,9.32493955783016,8.74621389162756,8.56970500693611,8.53711618239651,8.45094052995275,8.10623551363516,7.72835370432358,7.48636067805017,7.27238612981436,7.19219574813881,6.93419647423183,6.55911764472935,6.31339509571014,6.02202027625955,5.87262766040229,5.74979123237709,5.67773410975256,5.76234741155641,5.72037404490005,
North Macedonia,MKD,"Suicide mortality rate, female (per 100,000 female population)",SH.STA.SUIC.FE.P5,,,,,,,,,,,,,,,,,,,,,,,,,,,,,,,,,,,,,,,,,5.5,4.9,5.8,5.2,6.9,4.8,4.9,5.3,5.2,4.8,4,3.7,6,3.9,4.7,4.7,4.7,4.8,4.8,4.8,
Mali,MLI,"Suicide mortality rate, female (per 100,000 female population)",SH.STA.SUIC.FE.P5,,,,,,,,,,,,,,,,,,,,,,,,,,,,,,,,,,,,,,,,,4.1,4,3.9,3.7,3.7,3.7,3.6,3.5,3.6,3.5,3.4,3.3,3.4,3.4,3.3,3.2,3.2,3,3,2.9,
Malta,MLT,"Suicide mortality rate, female (per 100,000 female population)",SH.STA.SUIC.FE.P5,,,,,,,,,,,,,,,,,,,,,,,,,,,,,,,,,,,,,,,,,2.9,4.5,3.3,3.8,3.1,2.9,1.8,1.9,1.6,1.6,1.6,2.2,2,2.7,2.4,2.7,2.2,2,2.3,2.3,
Myanmar,MMR,"Suicide mortality rate, female (per 100,000 female population)",SH.STA.SUIC.FE.P5,,,,,,,,,,,,,,,,,,,,,,,,,,,,,,,,,,,,,,,,,2.4,2.3,2.2,2.2,2.2,2.1,2.1,1.9,1.7,1.7,1.5,1.5,1.3,1.3,1.3,1.2,1.2,1.1,1.1,1.1,
Middle East & North Africa (excluding high income),MNA,"Suicide mortality rate, female (per 100,000 female population)",SH.STA.SUIC.FE.P5,,,,,,,,,,,,,,,,,,,,,,,,,,,,,,,,,,,,,,,,,4.06053397713291,4.00917771406002,3.92007691686294,3.76076355264626,3.6611461911564,3.51794238414073,3.39122074360009,3.3921253051577,3.29098446445418,3.224887692445,3.21056698823346,3.15864093046889,3.11125678042708,2.96804527912613,2.86759650252766,2.79190715685573,2.70858798639079,2.62722699744218,2.59985295504781,2.53271205661088,
Montenegro,MNE,"Suicide mortality rate, female (per 100,000 female population)",SH.STA.SUIC.FE.P5,,,,,,,,,,,,,,,,,,,,,,,,,,,,,,,,,,,,,,,,,11.2,10.9,11.1,11.4,11.4,11.1,11.2,10.7,10.8,10.8,10.5,10.7,10.9,10.7,10.9,10.9,10.7,10.7,10.7,10.4,
Mongolia,MNG,"Suicide mortality rate, female (per 100,000 female population)",SH.STA.SUIC.FE.P5,,,,,,,,,,,,,,,,,,,,,,,,,,,,,,,,,,,,,,,,,10,9.5,9.1,9.2,9.2,9,8.7,8.1,8,8.3,8.2,7.8,7.5,7.1,6.6,6.4,6.2,5.9,5.6,5.4,
Northern Mariana Islands,MNP,"Suicide mortality rate, female (per 100,000 female population)",SH.STA.SUIC.FE.P5,,,,,,,,,,,,,,,,,,,,,,,,,,,,,,,,,,,,,,,,,,,,,,,,,,,,,,,,,,,,,
Mozambique,MOZ,"Suicide mortality rate, female (per 100,000 female population)",SH.STA.SUIC.FE.P5,,,,,,,,,,,,,,,,,,,,,,,,,,,,,,,,,,,,,,,,,5.8,5.7,5.5,5.5,5.5,5.5,5.4,5.3,5.9,6.6,6.9,7.2,7.6,7.1,6.1,5.9,5.6,5.5,5.7,5.7,
Mauritania,MRT,"Suicide mortality rate, female (per 100,000 female population)",SH.STA.SUIC.FE.P5,,,,,,,,,,,,,,,,,,,,,,,,,,,,,,,,,,,,,,,,,2.8,2.7,2.6,2.6,2.6,2.5,2.5,2.4,2.4,2.4,2.3,2.3,2.3,2.3,2.2,2.2,2.2,2.2,2.2,2.2,
Mauritius,MUS,"Suicide mortality rate, female (per 100,000 female population)",SH.STA.SUIC.FE.P5,,,,,,,,,,,,,,,,,,,,,,,,,,,,,,,,,,,,,,,,,5.1,6.4,4.8,4,3.9,4.1,4.2,5.2,2,3.5,3.1,3.9,4.4,2.7,4,3.8,2.7,4.1,4.4,2.8,
Malawi,MWI,"Suicide mortality rate, female (per 100,000 female population)",SH.STA.SUIC.FE.P5,,,,,,,,,,,,,,,,,,,,,,,,,,,,,,,,,,,,,,,,,5.3,4.7,4.1,3.7,3.4,3.1,3.5,3.8,3.8,4,4,3.3,2.8,2.4,2.2,2.2,2.1,2,1.8,1.7,
Malaysia,MYS,"Suicide mortality rate, female (per 100,000 female population)",SH.STA.SUIC.FE.P5,,,,,,,,,,,,,,,,,,,,,,,,,,,,,,,,,,,,,,,,,2.3,2.1,2.1,2.2,2.2,2.1,2.1,2.1,2.1,2.1,2.1,2.1,2.1,2.1,2.1,2.2,2.2,2.2,2.3,2.3,
North America,NAC,"Suicide mortality rate, female (per 100,000 female population)",SH.STA.SUIC.FE.P5,,,,,,,,,,,,,,,,,,,,,,,,,,,,,,,,,,,,,,,,,4.61711711754865,4.81724727504543,5.06850851443138,5.1175112450064,5.46856304583179,5.29797525533699,5.42940474697727,5.55881640385873,5.64907113857236,5.71967575766539,5.85918632170792,6.00988977512642,6.10992537445061,6.21992505100853,6.52997265574917,6.80999433626983,6.91974382434375,7.02941941208029,7.09837826870356,7.35652515609689,
Namibia,NAM,"Suicide mortality rate, female (per 100,000 female population)",SH.STA.SUIC.FE.P5,,,,,,,,,,,,,,,,,,,,,,,,,,,,,,,,,,,,,,,,,8.8,8.5,8.5,7.9,6.5,7.5,7.8,7.1,5.4,5.5,5,3.8,3.3,3.5,4.6,5.3,4.6,3.9,3.1,3.2,
New Caledonia,NCL,"Suicide mortality rate, female (per 100,000 female population)",SH.STA.SUIC.FE.P5,,,,,,,,,,,,,,,,,,,,,,,,,,,,,,,,,,,,,,,,,,,,,,,,,,,,,,,,,,,,,
Niger,NER,"Suicide mortality rate, female (per 100,000 female population)",SH.STA.SUIC.FE.P5,,,,,,,,,,,,,,,,,,,,,,,,,,,,,,,,,,,,,,,,,3.5,3.6,3.5,3.5,3.4,3.4,3.4,3.4,3.4,3.3,3.4,3.4,3.4,3.4,3.4,3.4,3.3,3.3,3.3,3.3,
Nigeria,NGA,"Suicide mortality rate, female (per 100,000 female population)",SH.STA.SUIC.FE.P5,,,,,,,,,,,,,,,,,,,,,,,,,,,,,,,,,,,,,,,,,2.9,2.9,2.9,2.8,2.9,2.8,2.8,2.7,2.6,2.5,2.4,2.3,2.2,2.2,2.1,2,2,2,2,1.9,
Nicaragua,NIC,"Suicide mortality rate, female (per 100,000 female population)",SH.STA.SUIC.FE.P5,,,,,,,,,,,,,,,,,,,,,,,,,,,,,,,,,,,,,,,,,3.6,3.3,2.9,3,2.8,2.3,2.1,2.4,2.8,3,2.3,2.9,2.5,2.5,2.2,2.2,1.8,2.1,2.2,1.9,
Netherlands,NLD,"Suicide mortality rate, female (per 100,000 female population)",SH.STA.SUIC.FE.P5,,,,,,,,,,,,,,,,,,,,,,,,,,,,,,,,,,,,,,,,,6.4,6.3,6.5,6.3,6.3,6.3,6,5.1,5.6,5.7,5.8,6.2,7,7.5,7.7,7.9,8,8.1,8.5,8.3,
Norway,NOR,"Suicide mortality rate, female (per 100,000 female population)",SH.STA.SUIC.FE.P5,,,,,,,,,,,,,,,,,,,,,,,,,,,,,,,,,,,,,,,,,6.8,7.3,6.7,6.7,8.6,8.3,7.5,7.4,7.7,7.4,8,7.7,6.9,7.9,6.7,8.7,8.6,8,7.8,7.7,
Nepal,NPL,"Suicide mortality rate, female (per 100,000 female population)",SH.STA.SUIC.FE.P5,,,,,,,,,,,,,,,,,,,,,,,,,,,,,,,,,,,,,,,,,2.3,2,2.3,2.3,2.1,2.4,2.3,2.4,2.5,2.5,2.5,2.6,2.6,2.7,2.6,2.7,2.7,2.7,2.7,2.7,
Nauru,NRU,"Suicide mortality rate, female (per 100,000 female population)",SH.STA.SUIC.FE.P5,,,,,,,,,,,,,,,,,,,,,,,,,,,,,,,,,,,,,,,,,,,,,,,,,,,,,,,,,,,,,
New Zealand,NZL,"Suicide mortality rate, female (per 100,000 female population)",SH.STA.SUIC.FE.P5,,,,,,,,,,,,,,,,,,,,,,,,,,,,,,,,,,,,,,,,,4.6,7,6.3,7.8,5.9,6.7,7,6.3,6.5,5.5,7.2,5.5,6.8,7,5.8,6.5,6.3,6.6,6,5.8,
OECD members,OED,"Suicide mortality rate, female (per 100,000 female population)",SH.STA.SUIC.FE.P5,,,,,,,,,,,,,,,,,,,,,,,,,,,,,,,,,,,,,,,,,6.18200732425529,6.06759819845743,6.27961707534735,6.43981052227767,6.41527079148246,6.39103027864256,6.21837739710346,6.40569825301419,6.46779913164609,6.60918682572742,6.54032735805841,6.58374867954067,6.39466731591064,6.43733444499828,6.37085717679938,6.36519817365724,6.08511018452011,6.07883540749351,6.0892097838097,6.03937870320739,
Oman,OMN,"Suicide mortality rate, female (per 100,000 female population)",SH.STA.SUIC.FE.P5,,,,,,,,,,,,,,,,,,,,,,,,,,,,,,,,,,,,,,,,,1.6,1.6,1.6,1.6,1.5,1.5,1.6,1.5,1.4,1.4,1.5,1.4,1.3,1.3,1.2,1.2,1.1,1.1,1,1,
Other small states,OSS,"Suicide mortality rate, female (per 100,000 female population)",SH.STA.SUIC.FE.P5,,,,,,,,,,,,,,,,,,,,,,,,,,,,,,,,,,,,,,,,,7.8555894679535,7.88819177814212,7.75798594364374,7.78183111207015,7.58836606336535,7.71148438424624,8.1270440964565,7.94982701379266,8.17675079646216,7.67467353054453,7.16670134116255,7.06757175527325,7.38060327193767,7.32054421979915,7.6183053751481,7.2346486355099,6.58132182347442,6.08789934044617,5.85767282109875,5.67958249674646,
Pakistan,PAK,"Suicide mortality rate, female (per 100,000 female population)",SH.STA.SUIC.FE.P5,,,,,,,,,,,,,,,,,,,,,,,,,,,,,,,,,,,,,,,,,4.6,4.7,4.8,4.9,4.9,4.8,4.9,4.7,4.7,4.6,4.6,4.5,4.5,4.5,4.5,4.5,4.5,4.5,4.4,4.3,
Panama,PAN,"Suicide mortality rate, female (per 100,000 female population)",SH.STA.SUIC.FE.P5,,,,,,,,,,,,,,,,,,,,,,,,,,,,,,,,,,,,,,,,,1.5,1.6,2.2,1.3,2.1,1.5,0.8,1.2,1.9,1.5,1.1,1.2,0.9,0.7,1.1,1.1,1,0.9,1,1,
Peru,PER,"Suicide mortality rate, female (per 100,000 female population)",SH.STA.SUIC.FE.P5,,,,,,,,,,,,,,,,,,,,,,,,,,,,,,,,,,,,,,,,,2.3,2.1,2,2,1.8,1.8,1.7,1.6,1.6,1.9,1.9,1.8,1.8,1.7,1.6,1.5,1.4,1.4,1.4,1.4,
Philippines,PHL,"Suicide mortality rate, female (per 100,000 female population)",SH.STA.SUIC.FE.P5,,,,,,,,,,,,,,,,,,,,,,,,,,,,,,,,,,,,,,,,,0.9,0.7,0.9,1,0.9,1,0.9,1,1,1.3,1.3,1.5,1.3,1.2,1,1.1,1.1,1.1,1.1,1.2,
Palau,PLW,"Suicide mortality rate, female (per 100,000 female population)",SH.STA.SUIC.FE.P5,,,,,,,,,,,,,,,,,,,,,,,,,,,,,,,,,,,,,,,,,,,,,,,,,,,,,,,,,,,,,
Papua New Guinea,PNG,"Suicide mortality rate, female (per 100,000 female population)",SH.STA.SUIC.FE.P5,,,,,,,,,,,,,,,,,,,,,,,,,,,,,,,,,,,,,,,,,1,1.2,1.2,1.2,1.3,1.3,1.3,1.4,1.3,1.3,1.4,1.4,1.4,1.5,1.6,1.6,1.6,1.5,1.5,1.6,
Poland,POL,"Suicide mortality rate, female (per 100,000 female population)",SH.STA.SUIC.FE.P5,,,,,,,,,,,,,,,,,,,,,,,,,,,,,,,,,,,,,,,,,5.4,4.8,5.6,5,5.1,5.1,4.9,4.6,4.7,5.4,4.8,4.4,4.6,4.8,4.6,4.1,3.4,3.4,3.1,3.1,
Pre-demographic dividend,PRE,"Suicide mortality rate, female (per 100,000 female population)",SH.STA.SUIC.FE.P5,,,,,,,,,,,,,,,,,,,,,,,,,,,,,,,,,,,,,,,,,4.11562481281015,3.96678106389429,3.84262123895188,3.74277791780182,3.69388846596332,3.66809475714449,3.67157866580647,3.55361869129293,3.51120673715855,3.47911187969911,3.44772732717566,3.35614796122863,3.23966943179803,3.17257383804777,3.03455727015271,2.95077851088398,2.90769840222582,2.83448949245462,2.8233522730019,2.80845482616173,
Puerto Rico,PRI,"Suicide mortality rate, female (per 100,000 female population)",SH.STA.SUIC.FE.P5,,,,,,,,,,,,,,,,,,,,,,,,,,,,,,,,,,,,,,,,,,,,,,,,,,,,,,,,,,,,,
"Korea, Dem. People's Rep.",PRK,"Suicide mortality rate, female (per 100,000 female population)",SH.STA.SUIC.FE.P5,,,,,,,,,,,,,,,,,,,,,,,,,,,,,,,,,,,,,,,,,9,8.8,8.7,8.3,8.1,8,7.9,8.1,8.3,8.2,8.3,8.4,8.3,8.4,8.4,8.6,8.5,8,7.6,7.6,
Portugal,PRT,"Suicide mortality rate, female (per 100,000 female population)",SH.STA.SUIC.FE.P5,,,,,,,,,,,,,,,,,,,,,,,,,,,,,,,,,,,,,,,,,3.1,4,5.2,5.3,5,5.3,5.2,6.6,6.2,6.1,6.6,5.4,5.6,5.9,7,7.8,5.2,6,6.3,5.7,
Paraguay,PRY,"Suicide mortality rate, female (per 100,000 female population)",SH.STA.SUIC.FE.P5,,,,,,,,,,,,,,,,,,,,,,,,,,,,,,,,,,,,,,,,,2.3,2.5,3.2,2.2,2.9,3.5,2.7,2.6,2.3,2.5,2.2,2.7,3.2,2.8,3.8,3.2,2.8,3.4,3.2,3.2,
West Bank and Gaza,PSE,"Suicide mortality rate, female (per 100,000 female population)",SH.STA.SUIC.FE.P5,,,,,,,,,,,,,,,,,,,,,,,,,,,,,,,,,,,,,,,,,,,,,,,,,,,,,,,,,,,,,
Pacific island small states,PSS,"Suicide mortality rate, female (per 100,000 female population)",SH.STA.SUIC.FE.P5,,,,,,,,,,,,,,,,,,,,,,,,,,,,,,,,,,,,,,,,,6.4133963547423,6.22279829989374,6.21729378932175,6.04009058314879,5.73467161161639,5.67445640642156,5.49020270716676,5.506883416745,5.68733205601754,5.72699281393524,5.68908997870588,5.60954593130841,5.58883440828829,5.51797750836599,5.44043446296867,5.39354202100375,5.34403563826909,5.35859053637358,5.32281611254254,5.30478318798347,
Post-demographic dividend,PST,"Suicide mortality rate, female (per 100,000 female population)",SH.STA.SUIC.FE.P5,,,,,,,,,,,,,,,,,,,,,,,,,,,,,,,,,,,,,,,,,7.59996210245344,7.42032997635588,7.65853334335858,7.81501899650437,7.80186761736894,7.76146648722308,7.54607996178579,7.75528206819034,7.80583022749489,7.90738496935201,7.87757597423302,7.90314760077775,7.69666698332441,7.71198243349122,7.62492614661628,7.58214772813812,7.31258640996368,7.28312220549066,7.34472213418004,7.29029420672431,
French Polynesia,PYF,"Suicide mortality rate, female (per 100,000 female population)",SH.STA.SUIC.FE.P5,,,,,,,,,,,,,,,,,,,,,,,,,,,,,,,,,,,,,,,,,,,,,,,,,,,,,,,,,,,,,
Qatar,QAT,"Suicide mortality rate, female (per 100,000 female population)",SH.STA.SUIC.FE.P5,,,,,,,,,,,,,,,,,,,,,,,,,,,,,,,,,,,,,,,,,2.2,2.2,2.2,1.9,1.8,1.7,2.1,2.5,2.3,2.2,2.2,2.1,2,1.8,1.8,1.9,1.8,1.8,1.7,1.7,
Romania,ROU,"Suicide mortality rate, female (per 100,000 female population)",SH.STA.SUIC.FE.P5,,,,,,,,,,,,,,,,,,,,,,,,,,,,,,,,,,,,,,,,,4.6,3.9,4.8,4.7,4.1,4.4,4.5,4.2,4.2,3.6,4.5,3.7,3.5,3.7,3.3,3.5,3.2,3.5,3.3,3.3,
Russian Federation,RUS,"Suicide mortality rate, female (per 100,000 female population)",SH.STA.SUIC.FE.P5,,,,,,,,,,,,,,,,,,,,,,,,,,,,,,,,,,,,,,,,,16.1,15.9,16,15.9,15.4,15.4,14.1,13.5,13.2,12.8,12.6,12,11.6,11.2,11.3,11,10.7,10,9.7,9.1,
Rwanda,RWA,"Suicide mortality rate, female (per 100,000 female population)",SH.STA.SUIC.FE.P5,,,,,,,,,,,,,,,,,,,,,,,,,,,,,,,,,,,,,,,,,9,8.1,7.4,6.6,5.8,5.5,5.4,5.1,4.8,4.4,4.1,3.9,3.7,3.4,3.4,3.3,3.2,3.1,3,3,
South Asia,SAS,"Suicide mortality rate, female (per 100,000 female population)",SH.STA.SUIC.FE.P5,,,,,,,,,,,,,,,,,,,,,,,,,,,,,,,,,,,,,,,,,13.509514440022,13.0559806433167,12.3641805382315,11.605419177199,11.2682760554498,11.4513611077821,11.1651603750308,10.6878515400771,10.430019263584,10.2697238509439,10.6535631310403,10.4893479259683,10.0273410462019,9.69887651737513,9.05335237600634,8.91809139209702,8.75162829339543,8.65433768181911,9.00611431489267,9.07023487799141,
Saudi Arabia,SAU,"Suicide mortality rate, female (per 100,000 female population)",SH.STA.SUIC.FE.P5,,,,,,,,,,,,,,,,,,,,,,,,,,,,,,,,,,,,,,,,,1.1,1.1,1.1,1.1,1.1,1.1,1.2,1.4,1.5,1.6,1.9,2.2,2.4,2.4,2.4,2.3,2.2,2.1,2,2,
Sudan,SDN,"Suicide mortality rate, female (per 100,000 female population)",SH.STA.SUIC.FE.P5,,,,,,,,,,,,,,,,,,,,,,,,,,,,,,,,,,,,,,,,,3.4,3.2,3.1,3,3,3.2,3.1,3,2.9,2.9,2.9,3,2.9,2.9,2.8,2.8,2.8,2.8,2.8,2.8,
Senegal,SEN,"Suicide mortality rate, female (per 100,000 female population)",SH.STA.SUIC.FE.P5,,,,,,,,,,,,,,,,,,,,,,,,,,,,,,,,,,,,,,,,,4,3.9,3.8,3.9,3.8,3.8,3.7,3.5,3.4,3.4,3.4,3.4,3.5,3.5,3.4,3.3,3.2,3.2,3.1,3,
Singapore,SGP,"Suicide mortality rate, female (per 100,000 female population)",SH.STA.SUIC.FE.P5,,,,,,,,,,,,,,,,,,,,,,,,,,,,,,,,,,,,,,,,,8.5,8.6,9.8,9,8.5,7.4,8.8,8.1,6.8,6.4,6.7,6.7,8.3,6.1,5.7,5.8,6.4,6.2,6,7.1,
Solomon Islands,SLB,"Suicide mortality rate, female (per 100,000 female population)",SH.STA.SUIC.FE.P5,,,,,,,,,,,,,,,,,,,,,,,,,,,,,,,,,,,,,,,,,1.5,1.5,1.6,1.7,1.4,1.6,1.6,1.9,2,2,2,2,2,2,2,1.9,1.9,1.9,1.9,1.9,
Sierra Leone,SLE,"Suicide mortality rate, female (per 100,000 female population)",SH.STA.SUIC.FE.P5,,,,,,,,,,,,,,,,,,,,,,,,,,,,,,,,,,,,,,,,,3.7,3.9,4.1,4.2,4.1,4.1,4.4,4.4,4.5,4.6,4.8,4.7,4.8,4.6,4.4,4.2,4.5,4.7,4.9,5.1,
El Salvador,SLV,"Suicide mortality rate, female (per 100,000 female population)",SH.STA.SUIC.FE.P5,,,,,,,,,,,,,,,,,,,,,,,,,,,,,,,,,,,,,,,,,3.4,3.7,3.2,3.3,2.7,2.8,2,2.6,2.6,2.5,2.2,2.8,2.7,2.4,2.7,2.2,2.3,2.3,2.2,2.1,
San Marino,SMR,"Suicide mortality rate, female (per 100,000 female population)",SH.STA.SUIC.FE.P5,,,,,,,,,,,,,,,,,,,,,,,,,,,,,,,,,,,,,,,,,,,,,,,,,,,,,,,,,,,,,
Somalia,SOM,"Suicide mortality rate, female (per 100,000 female population)",SH.STA.SUIC.FE.P5,,,,,,,,,,,,,,,,,,,,,,,,,,,,,,,,,,,,,,,,,4.2,4,4,4.1,4.2,4.2,4.1,4,4.1,4,3.9,3.9,3.9,3.9,3.9,3.9,3.9,3.9,3.8,3.8,
Serbia,SRB,"Suicide mortality rate, female (per 100,000 female population)",SH.STA.SUIC.FE.P5,,,,,,,,,,,,,,,,,,,,,,,,,,,,,,,,,,,,,,,,,13.5,11.9,11.8,11.3,11.2,11.8,11.1,10,10.4,10.3,8.6,9.7,9.1,8.8,8.4,8.5,8.4,0.8,6.2,6.3,
Sub-Saharan Africa (excluding high income),SSA,"Suicide mortality rate, female (per 100,000 female population)",SH.STA.SUIC.FE.P5,,,,,,,,,,,,,,,,,,,,,,,,,,,,,,,,,,,,,,,,,4.96888197028979,4.83643153188446,4.77835526231986,4.72960759812933,4.65380331321481,4.57568135739555,4.56246404264271,4.52933519695535,4.5978600663572,4.54164372603846,4.36210752619119,4.13138338346254,3.91697626370264,3.78985318015643,3.67884732400614,3.57245288419732,3.49953111271972,3.38904764816488,3.33511110733402,3.31990587399061,
South Sudan,SSD,"Suicide mortality rate, female (per 100,000 female population)",SH.STA.SUIC.FE.P5,,,,,,,,,,,,,,,,,,,,,,,,,,,,,,,,,,,,,,,,,2.2,2.1,2,2.1,2.1,2.1,2.1,2.1,2,2,2,1.9,2,1.9,1.9,2,2,2,2,2,
Sub-Saharan Africa,SSF,"Suicide mortality rate, female (per 100,000 female population)",SH.STA.SUIC.FE.P5,,,,,,,,,,,,,,,,,,,,,,,,,,,,,,,,,,,,,,,,,4.96848410143716,4.83605894287612,4.77797569331919,4.72925911473476,4.65348521511059,4.57537962090024,4.56216718478572,4.52903984092383,4.59756140037644,4.5413496207792,4.36183247412097,4.13113551308045,3.91676171893543,3.78964262714523,3.67864884247858,3.5722646347962,3.49935168482564,3.38888040510686,3.3349425165905,3.31974138076756,
Small states,SST,"Suicide mortality rate, female (per 100,000 female population)",SH.STA.SUIC.FE.P5,,,,,,,,,,,,,,,,,,,,,,,,,,,,,,,,,,,,,,,,,6.97816187932903,7.02639482886822,6.84366515725701,6.89364994229076,6.70585471669707,6.77530531706525,7.06280763991196,6.91122699914548,7.13747740361537,6.86138595406761,6.44731225699999,6.3262130903798,6.62628464265106,6.59572295605373,6.74715225731248,6.51829217102239,6.02648232020097,5.66046280317794,5.49187935590616,5.37206673629496,
Sao Tome and Principe,STP,"Suicide mortality rate, female (per 100,000 female population)",SH.STA.SUIC.FE.P5,,,,,,,,,,,,,,,,,,,,,,,,,,,,,,,,,,,,,,,,,0.9,1,1,0.7,0.8,0.8,0.9,1,0.9,0.9,0.8,0.8,0.9,0.8,0.8,0.8,0.8,0.8,0.8,0.8,
Suriname,SUR,"Suicide mortality rate, female (per 100,000 female population)",SH.STA.SUIC.FE.P5,,,,,,,,,,,,,,,,,,,,,,,,,,,,,,,,,,,,,,,,,10.5,11.3,11,10.7,10.7,10.9,11,11.3,11.5,11.6,11.7,11.2,11.3,11.5,11.5,11.6,11.6,11.6,11.9,11.8,
Slovak Republic,SVK,"Suicide mortality rate, female (per 100,000 female population)",SH.STA.SUIC.FE.P5,,,,,,,,,,,,,,,,,,,,,,,,,,,,,,,,,,,,,,,,,5.1,4.5,4,4.1,4.7,3.9,3.9,4,3.6,2.7,3.9,3.5,3.3,3.2,3.7,3.4,3.4,3.4,3.4,3.4,
Slovenia,SVN,"Suicide mortality rate, female (per 100,000 female population)",SH.STA.SUIC.FE.P5,,,,,,,,,,,,,,,,,,,,,,,,,,,,,,,,,,,,,,,,,16.7,13,11.6,12.8,15.8,11.9,11.9,10.5,8.8,9.8,7.6,8.9,7.7,8.6,6.5,8.9,7.6,8.6,7.9,8.3,
Sweden,SWE,"Suicide mortality rate, female (per 100,000 female population)",SH.STA.SUIC.FE.P5,,,,,,,,,,,,,,,,,,,,,,,,,,,,,,,,,,,,,,,,,9.7,10.1,9,9.2,8.7,10.4,9.8,9,9,9.5,8.7,8.9,9.4,10.3,10,9.7,9.6,9.6,9.6,9.5,
Eswatini,SWZ,"Suicide mortality rate, female (per 100,000 female population)",SH.STA.SUIC.FE.P5,,,,,,,,,,,,,,,,,,,,,,,,,,,,,,,,,,,,,,,,,17.9,20.2,23.9,26,27.1,28,29.1,30.2,30.1,28.8,25.1,21.3,20.4,17.9,13.8,9.5,6.7,5,4.2,4.7,
Sint Maarten (Dutch part),SXM,"Suicide mortality rate, female (per 100,000 female population)",SH.STA.SUIC.FE.P5,,,,,,,,,,,,,,,,,,,,,,,,,,,,,,,,,,,,,,,,,,,,,,,,,,,,,,,,,,,,,
Seychelles,SYC,"Suicide mortality rate, female (per 100,000 female population)",SH.STA.SUIC.FE.P5,,,,,,,,,,,,,,,,,,,,,,,,,,,,,,,,,,,,,,,,,1.7,1.7,1.6,1.7,1.8,1.8,1.8,1.7,1.7,1.6,1.6,1.5,1.6,1.5,1.5,1.5,1.5,1.5,1.4,1.4,
Syrian Arab Republic,SYR,"Suicide mortality rate, female (per 100,000 female population)",SH.STA.SUIC.FE.P5,,,,,,,,,,,,,,,,,,,,,,,,,,,,,,,,,,,,,,,,,0.7,0.6,0.6,0.5,0.6,0.5,0.5,0.5,0.5,0.5,0.6,0.6,0.6,0.7,0.7,0.7,0.7,0.7,0.7,0.7,
Turks and Caicos Islands,TCA,"Suicide mortality rate, female (per 100,000 female population)",SH.STA.SUIC.FE.P5,,,,,,,,,,,,,,,,,,,,,,,,,,,,,,,,,,,,,,,,,,,,,,,,,,,,,,,,,,,,,
Chad,TCD,"Suicide mortality rate, female (per 100,000 female population)",SH.STA.SUIC.FE.P5,,,,,,,,,,,,,,,,,,,,,,,,,,,,,,,,,,,,,,,,,3.9,3.9,3.9,3.9,3.7,3.7,3.6,3.8,3.8,3.8,3.8,3.9,3.9,3.8,3.7,3.5,3.5,3.6,3.4,3.3,
East Asia & Pacific (IDA & IBRD countries),TEA,"Suicide mortality rate, female (per 100,000 female population)",SH.STA.SUIC.FE.P5,,,,,,,,,,,,,,,,,,,,,,,,,,,,,,,,,,,,,,,,,11.1708278652814,9.75832603949553,8.76138513505379,8.98990012914948,9.27826810659892,8.95310152851629,8.4412652984548,7.8590723402732,7.42016802251734,7.07086403594528,6.62750477898529,6.2130839305753,5.69366465432162,5.40418723783806,5.1855332782345,4.96253486203761,4.89297636457141,4.88308768598658,4.87766700604035,4.81019947496338,
Europe & Central Asia (IDA & IBRD countries),TEC,"Suicide mortality rate, female (per 100,000 female population)",SH.STA.SUIC.FE.P5,,,,,,,,,,,,,,,,,,,,,,,,,,,,,,,,,,,,,,,,,9.61349279620775,9.29535229347551,9.40924914921458,9.19920912544956,8.96273397173164,8.93891799542073,8.38385839859315,8.06085214231011,7.92588940101071,7.65075742033122,7.48402386625899,7.14582255646391,6.98417966609119,6.77178800528079,6.76398211100946,6.54110119623337,6.30362211512622,5.8631877619092,5.75810143586413,5.50866025744782,
Togo,TGO,"Suicide mortality rate, female (per 100,000 female population)",SH.STA.SUIC.FE.P5,,,,,,,,,,,,,,,,,,,,,,,,,,,,,,,,,,,,,,,,,5.3,5.4,5.5,5.6,5.6,5.6,5.7,5.6,5.4,5.2,5.1,5.1,5,4.9,4.8,4.6,4.3,4,3.9,3.9,
Thailand,THA,"Suicide mortality rate, female (per 100,000 female population)",SH.STA.SUIC.FE.P5,,,,,,,,,,,,,,,,,,,,,,,,,,,,,,,,,,,,,,,,,7.4,6.3,6.1,5.5,4.8,4.2,4.1,4,3.8,3.7,3.6,3.4,3.3,3.1,3.1,3,3,3,3,2.9,
Tajikistan,TJK,"Suicide mortality rate, female (per 100,000 female population)",SH.STA.SUIC.FE.P5,,,,,,,,,,,,,,,,,,,,,,,,,,,,,,,,,,,,,,,,,2.3,2.3,2.2,2.1,2.2,2.2,2.2,2.3,2.3,2.4,2.5,2.6,2.7,2.7,2.8,2.9,3.1,3,2.9,2.8,
Turkmenistan,TKM,"Suicide mortality rate, female (per 100,000 female population)",SH.STA.SUIC.FE.P5,,,,,,,,,,,,,,,,,,,,,,,,,,,,,,,,,,,,,,,,,4.2,4.6,5.2,4.9,5.4,5.5,6,5.2,4.8,4.4,4,3.9,3.6,3.8,3.3,3.2,3,2.8,2.7,2.7,
Latin America & the Caribbean (IDA & IBRD countries),TLA,"Suicide mortality rate, female (per 100,000 female population)",SH.STA.SUIC.FE.P5,,,,,,,,,,,,,,,,,,,,,,,,,,,,,,,,,,,,,,,,,2.21144872026122,2.39400359564926,2.48367732436611,2.3938643453339,2.35246021758388,2.39869123565921,2.36247007207558,2.45238044394034,2.48338807288939,2.52551698755209,2.51276938978954,2.56030567514749,2.56061199133433,2.52725540256292,2.57623725547014,2.69611754394388,2.55389987984718,2.70472548561989,2.71018002082065,2.64554203869024,
Timor-Leste,TLS,"Suicide mortality rate, female (per 100,000 female population)",SH.STA.SUIC.FE.P5,,,,,,,,,,,,,,,,,,,,,,,,,,,,,,,,,,,,,,,,,2.5,2.7,2.4,2.4,2,2.1,1.8,1.7,1.6,2.1,1.9,2,2,2,2,2,2,2,2,2,
Middle East & North Africa (IDA & IBRD countries),TMN,"Suicide mortality rate, female (per 100,000 female population)",SH.STA.SUIC.FE.P5,,,,,,,,,,,,,,,,,,,,,,,,,,,,,,,,,,,,,,,,,4.06053397713291,4.00917771406002,3.92007691686294,3.76076355264626,3.6611461911564,3.51794238414073,3.39122074360008,3.3921253051577,3.29098446445418,3.224887692445,3.21056698823346,3.15864093046889,3.11125678042708,2.96804527912613,2.86759650252766,2.79190715685573,2.70858798639079,2.62722699744218,2.59985295504781,2.53271205661088,
Tonga,TON,"Suicide mortality rate, female (per 100,000 female population)",SH.STA.SUIC.FE.P5,,,,,,,,,,,,,,,,,,,,,,,,,,,,,,,,,,,,,,,,,3.1,3.1,2.9,2.9,2.8,2.8,2.7,2.8,2.8,2.8,3,3,3,3,3.1,3.1,2.9,2.9,2.8,2.6,
South Asia (IDA & IBRD),TSA,"Suicide mortality rate, female (per 100,000 female population)",SH.STA.SUIC.FE.P5,,,,,,,,,,,,,,,,,,,,,,,,,,,,,,,,,,,,,,,,,13.509514440022,13.0559806433167,12.3641805382315,11.605419177199,11.2682760554498,11.4513611077821,11.1651603750308,10.6878515400771,10.430019263584,10.2697238509439,10.6535631310403,10.4893479259683,10.0273410462019,9.69887651737513,9.05335237600634,8.91809139209702,8.75162829339543,8.65433768181911,9.00611431489267,9.07023487799141,
Sub-Saharan Africa (IDA & IBRD countries),TSS,"Suicide mortality rate, female (per 100,000 female population)",SH.STA.SUIC.FE.P5,,,,,,,,,,,,,,,,,,,,,,,,,,,,,,,,,,,,,,,,,4.96848410143716,4.83605894287611,4.77797569331919,4.72925911473476,4.65348521511059,4.57537962090024,4.56216718478572,4.52903984092383,4.59756140037644,4.5413496207792,4.36183247412097,4.13113551308045,3.91676171893543,3.78964262714523,3.67864884247858,3.5722646347962,3.49935168482564,3.38888040510686,3.3349425165905,3.31974138076756,
Trinidad and Tobago,TTO,"Suicide mortality rate, female (per 100,000 female population)",SH.STA.SUIC.FE.P5,,,,,,,,,,,,,,,,,,,,,,,,,,,,,,,,,,,,,,,,,6.7,6.8,5.7,5.3,4.8,4.9,4.6,3.9,4.9,4.3,4.8,4.1,4.9,4.6,4.4,4.3,4.2,4.1,3.7,3.6,
Tunisia,TUN,"Suicide mortality rate, female (per 100,000 female population)",SH.STA.SUIC.FE.P5,,,,,,,,,,,,,,,,,,,,,,,,,,,,,,,,,,,,,,,,,2.6,2.6,2.6,2.6,2.6,2.5,2.5,2.4,2.3,2.3,2.2,2.1,2.1,2.1,2,2,1.9,1.9,1.9,1.9,
Turkey,TUR,"Suicide mortality rate, female (per 100,000 female population)",SH.STA.SUIC.FE.P5,,,,,,,,,,,,,,,,,,,,,,,,,,,,,,,,,,,,,,,,,1.8,1.7,1.6,1.6,1.6,1.5,1.5,1.4,1.3,1.3,1.3,1.2,1.2,1.2,1.3,1.3,1.3,1.3,1.2,1.2,
Tuvalu,TUV,"Suicide mortality rate, female (per 100,000 female population)",SH.STA.SUIC.FE.P5,,,,,,,,,,,,,,,,,,,,,,,,,,,,,,,,,,,,,,,,,,,,,,,,,,,,,,,,,,,,,
Tanzania,TZA,"Suicide mortality rate, female (per 100,000 female population)",SH.STA.SUIC.FE.P5,,,,,,,,,,,,,,,,,,,,,,,,,,,,,,,,,,,,,,,,,5.1,4.6,4,3.7,3.4,3.1,3,3.2,3.6,3.3,2.9,2.9,2.4,2.2,2,2,2.1,2,1.9,2,
Uganda,UGA,"Suicide mortality rate, female (per 100,000 female population)",SH.STA.SUIC.FE.P5,,,,,,,,,,,,,,,,,,,,,,,,,,,,,,,,,,,,,,,,,4.5,4.3,4.1,4,4,4.3,4.3,3.4,2.9,2.8,2.6,2.5,2,1.7,1.6,1.7,1.8,1.6,1.6,1.7,
Ukraine,UKR,"Suicide mortality rate, female (per 100,000 female population)",SH.STA.SUIC.FE.P5,,,,,,,,,,,,,,,,,,,,,,,,,,,,,,,,,,,,,,,,,11.4,10.6,10.3,10,9.6,9.5,8.9,8.9,8.8,8,7.7,7.2,7.3,7.2,7.4,6.7,6.6,6.3,6.5,6.5,
Upper middle income,UMC,"Suicide mortality rate, female (per 100,000 female population)",SH.STA.SUIC.FE.P5,,,,,,,,,,,,,,,,,,,,,,,,,,,,,,,,,,,,,,,,,10.8420396725996,9.72312468020879,8.96630960260761,9.128169337092,9.32625892573668,9.06505502006284,8.53291631486351,8.03595952098666,7.69557922872822,7.36962437784482,6.98750832534847,6.56857689473382,6.10985694458647,5.82068702237746,5.66092500663033,5.49157469783145,5.36911314408163,5.33730879072907,5.30817738030761,5.18684368465666,
Uruguay,URY,"Suicide mortality rate, female (per 100,000 female population)",SH.STA.SUIC.FE.P5,,,,,,,,,,,,,,,,,,,,,,,,,,,,,,,,,,,,,,,,,5.6,6.3,8.4,7.1,6.4,6.7,7.8,8.1,6.6,5.9,7.2,7.4,7.1,7.2,7.9,7.7,9.6,8.6,8.6,8.9,
United States,USA,"Suicide mortality rate, female (per 100,000 female population)",SH.STA.SUIC.FE.P5,,,,,,,,,,,,,,,,,,,,,,,,,,,,,,,,,,,,,,,,,4.5,4.7,5,5,5.4,5.2,5.4,5.5,5.6,5.7,5.8,6,6.1,6.2,6.5,6.8,7,7.1,7.2,7.5,
Uzbekistan,UZB,"Suicide mortality rate, female (per 100,000 female population)",SH.STA.SUIC.FE.P5,,,,,,,,,,,,,,,,,,,,,,,,,,,,,,,,,,,,,,,,,4.3,4.5,4.5,4.4,4.2,4.3,4.4,4.4,4.5,4.4,4.5,5,5.4,5.4,5.4,5.7,5.7,5.3,5.1,4.8,
St. Vincent and the Grenadines,VCT,"Suicide mortality rate, female (per 100,000 female population)",SH.STA.SUIC.FE.P5,,,,,,,,,,,,,,,,,,,,,,,,,,,,,,,,,,,,,,,,,0.5,1.1,1.3,1.1,1.2,2.2,1.3,1.1,0.5,0.6,0.6,2.1,4,1,0.5,0.8,0.7,0,0.6,0.6,
"Venezuela, RB",VEN,"Suicide mortality rate, female (per 100,000 female population)",SH.STA.SUIC.FE.P5,,,,,,,,,,,,,,,,,,,,,,,,,,,,,,,,,,,,,,,,,1.5,1.7,1.8,1.7,1.5,1.4,1.2,1.2,1.1,1.1,1,0.9,0.9,0.8,0.7,0.8,0.8,0.7,0.7,0.7,
British Virgin Islands,VGB,"Suicide mortality rate, female (per 100,000 female population)",SH.STA.SUIC.FE.P5,,,,,,,,,,,,,,,,,,,,,,,,,,,,,,,,,,,,,,,,,,,,,,,,,,,,,,,,,,,,,
Virgin Islands (U.S.),VIR,"Suicide mortality rate, female (per 100,000 female population)",SH.STA.SUIC.FE.P5,,,,,,,,,,,,,,,,,,,,,,,,,,,,,,,,,,,,,,,,,,,,,,,,,,,,,,,,,,,,,
Vietnam,VNM,"Suicide mortality rate, female (per 100,000 female population)",SH.STA.SUIC.FE.P5,,,,,,,,,,,,,,,,,,,,,,,,,,,,,,,,,,,,,,,,,4.7,4.6,4.5,4.4,4.4,4.4,4.3,4.3,4.3,4.2,4.2,4.3,4.3,4.4,4.5,4.5,4.6,4.6,4.6,4.7,
Vanuatu,VUT,"Suicide mortality rate, female (per 100,000 female population)",SH.STA.SUIC.FE.P5,,,,,,,,,,,,,,,,,,,,,,,,,,,,,,,,,,,,,,,,,8.3,8.1,8.3,8.2,7.8,7.5,8.2,8,7.9,8.5,8.3,7.9,8.1,8,7.6,7.7,7.5,7.5,7.6,7.6,
World,WLD,"Suicide mortality rate, female (per 100,000 female population)",SH.STA.SUIC.FE.P5,,,,,,,,,,,,,,,,,,,,,,,,,,,,,,,,,,,,,,,,,9.12618273317489,8.56027070654448,8.16010280972693,8.04522029753765,8.01122918163941,7.93559382559431,7.63713393975335,7.37452228106192,7.1939800269235,7.05029623822725,6.97223417717015,6.77156730413453,6.44126868357745,6.24486951889947,5.99675976952155,5.87354952778435,5.72730223375374,5.65695539840999,5.72184432854225,5.67857617773974,
Samoa,WSM,"Suicide mortality rate, female (per 100,000 female population)",SH.STA.SUIC.FE.P5,,,,,,,,,,,,,,,,,,,,,,,,,,,,,,,,,,,,,,,,,6.5,6.6,6.4,6.4,6.2,6.3,6.4,6.5,6.6,6,6.8,6.8,6.8,6.6,6.8,6.7,6.8,6.6,6.8,6.7,
Kosovo,XKX,"Suicide mortality rate, female (per 100,000 female population)",SH.STA.SUIC.FE.P5,,,,,,,,,,,,,,,,,,,,,,,,,,,,,,,,,,,,,,,,,,,,,,,,,,,,,,,,,,,,,
"Yemen, Rep.",YEM,"Suicide mortality rate, female (per 100,000 female population)",SH.STA.SUIC.FE.P5,,,,,,,,,,,,,,,,,,,,,,,,,,,,,,,,,,,,,,,,,5,5,4.8,4.8,4.9,4.8,4.7,4.7,4.8,4.8,4.6,4.6,4.6,4.6,4.5,4.3,4.4,4.4,4.7,4.6,
South Africa,ZAF,"Suicide mortality rate, female (per 100,000 female population)",SH.STA.SUIC.FE.P5,,,,,,,,,,,,,,,,,,,,,,,,,,,,,,,,,,,,,,,,,9.7,10.2,11.3,12.1,11.9,11.5,10.9,11.5,12.9,13,12.3,11,10.1,9.7,9.8,9.9,10.1,10,9.7,9.8,
Zambia,ZMB,"Suicide mortality rate, female (per 100,000 female population)",SH.STA.SUIC.FE.P5,,,,,,,,,,,,,,,,,,,,,,,,,,,,,,,,,,,,,,,,,9.4,8.6,8.1,7.3,7.6,7.3,6.9,5.6,4.8,4.9,5.4,5.3,5,4.8,4.4,3.8,3.6,3.5,3.1,2.7,
Zimbabwe,ZWE,"Suicide mortality rate, female (per 100,000 female population)",SH.STA.SUIC.FE.P5,,,,,,,,,,,,,,,,,,,,,,,,,,,,,,,,,,,,,,,,,12.4,11.3,11.4,11.4,12.7,11.9,14.1,16.9,19.4,20.1,17.2,15.2,14.3,14.5,14.3,12.6,11.6,9.6,8.7,8.8,
